-- phpMyAdmin SQL Dump
-- version 4.8.0.1
-- https://www.phpmyadmin.net/
--
-- Host: localhost
-- Generation Time: Aug 18, 2018 at 09:05 PM
-- Server version: 10.1.32-MariaDB
-- PHP Version: 7.2.5

SET SQL_MODE = "NO_AUTO_VALUE_ON_ZERO";
SET AUTOCOMMIT = 0;
START TRANSACTION;
SET time_zone = "+00:00";


/*!40101 SET @OLD_CHARACTER_SET_CLIENT=@@CHARACTER_SET_CLIENT */;
/*!40101 SET @OLD_CHARACTER_SET_RESULTS=@@CHARACTER_SET_RESULTS */;
/*!40101 SET @OLD_COLLATION_CONNECTION=@@COLLATION_CONNECTION */;
/*!40101 SET NAMES utf8mb4 */;

--
-- Database: `voting_system`
--

DELIMITER $$
--
-- Procedures
--
CREATE DEFINER=`root`@`localhost` PROCEDURE `addNewVoter` (IN `c_id` INT(25), IN `d_id` INT(25), IN `p_id` INT(25), IN `pol_id` INT(25), IN `VNAME` VARCHAR(50), IN `Gender` VARCHAR(50), IN `Age` VARCHAR(10), IN `Email` VARCHAR(50), IN `Contact` VARCHAR(15), IN `Address` VARCHAR(255), IN `Photo` VARCHAR(255), IN `UniqueID` VARCHAR(50), IN `Barcode` VARCHAR(25), IN `VVStatus` INT(5), IN `Vstatus` INT(5), IN `Vrole` INT(5), IN `Created_AT` TIME, IN `Updated_AT` TIME)  NO SQL
BEGIN
	INSERT INTO vs_voters(county_id,district_id,precinct_id,polling_placeID, voter_name, voter_gender,voter_age, voter_email, voter_contactNO, voter_address, voter_photo, voter_uniqueID, voter_barcode, voter_verifyStatus, voter_status, voter_role, created_at, updated_at)
    VALUES (c_id,d_id,p_id,pol_id, VNAME, Gender,Age, Email, Contact, Address,Photo, UniqueID, Barcode, VVStatus, Vstatus, Vrole, Created_AT, Updated_AT);
END$$

CREATE DEFINER=`root`@`localhost` PROCEDURE `getVoters` ()  BEGIN
	select * from vs_voters;
END$$

CREATE DEFINER=`root`@`localhost` PROCEDURE `loginProcedure` (IN `user` VARCHAR(50), IN `pass` VARCHAR(255))  NO SQL
select id,role,polling_placeID  from vs_users where vs_users.username = user and vs_users.password = pass and role = 3 and status = 1$$

CREATE DEFINER=`root`@`localhost` PROCEDURE `loginProcedureForAdmin` (IN `user` VARCHAR(50), IN `hash_pass` VARCHAR(255))  BEGIN
select id,role  from vs_users 
where vs_users.username = user and vs_users.password = hash_pass and 
role = 1 and status = 1;
END$$

CREATE DEFINER=`root`@`localhost` PROCEDURE `new_procedure` ()  BEGIN
select * from vs_voters;
END$$

DELIMITER ;

-- --------------------------------------------------------

--
-- Table structure for table `vs_candidates`
--

CREATE TABLE `vs_candidates` (
  `id` int(10) NOT NULL,
  `first_name` varchar(255) NOT NULL,
  `last_name` varchar(50) NOT NULL,
  `county_id` int(10) NOT NULL,
  `gender` varchar(10) NOT NULL,
  `candidate_position` varchar(255) NOT NULL,
  `party` varchar(100) NOT NULL,
  `logo` varchar(255) DEFAULT NULL,
  `created_at` timestamp NOT NULL DEFAULT CURRENT_TIMESTAMP,
  `updated_at` timestamp NOT NULL DEFAULT '0000-00-00 00:00:00' ON UPDATE CURRENT_TIMESTAMP
) ENGINE=InnoDB DEFAULT CHARSET=latin1;

--
-- Dumping data for table `vs_candidates`
--

INSERT INTO `vs_candidates` (`id`, `first_name`, `last_name`, `county_id`, `gender`, `candidate_position`, `party`, `logo`, `created_at`, `updated_at`) VALUES
(1, 'stylish 1', 'def', 16, 'male', 'position', 'party', 'viewDis.png', '2018-08-16 09:15:29', '2018-08-17 04:36:55'),
(2, 'stylish', 'zzz1', 16, 'female', 'position1', 'party1', 'sp1.png', '2018-08-16 09:16:55', '2018-08-17 04:24:00'),
(3, 'stylish 1', 'User', 1, 'male', 'asdasd', 'party', NULL, '2018-08-16 09:17:03', '2018-08-16 09:17:03'),
(4, '', '', 1, 'male', '', '', NULL, '2018-08-16 09:17:03', '2018-08-16 09:17:03'),
(5, '', '', 1, 'male', '', '', NULL, '2018-08-16 09:17:24', '2018-08-16 09:17:24'),
(6, 'asdasd', 'asdsad', 1, 'female', 'position1', 'asdsd', NULL, '2018-08-16 09:22:07', '2018-08-17 04:28:56');

-- --------------------------------------------------------

--
-- Table structure for table `vs_county`
--

CREATE TABLE `vs_county` (
  `id` int(10) NOT NULL,
  `county_name` varchar(255) NOT NULL,
  `status` int(1) NOT NULL,
  `created_at` timestamp NOT NULL DEFAULT CURRENT_TIMESTAMP,
  `updated_at` timestamp NOT NULL DEFAULT '0000-00-00 00:00:00' ON UPDATE CURRENT_TIMESTAMP
) ENGINE=InnoDB DEFAULT CHARSET=latin1;

--
-- Dumping data for table `vs_county`
--

INSERT INTO `vs_county` (`id`, `county_name`, `status`, `created_at`, `updated_at`) VALUES
(1, 'Bomi', 1, '2018-08-11 11:06:51', '0000-00-00 00:00:00'),
(2, 'Bong', 1, '2018-08-11 11:06:51', '0000-00-00 00:00:00'),
(3, 'Grand Bassa', 1, '2018-08-11 11:06:51', '0000-00-00 00:00:00'),
(4, 'Grand Cape Mount', 1, '2018-08-11 11:06:51', '0000-00-00 00:00:00'),
(5, 'Grand Gedeh', 1, '2018-08-11 11:06:51', '0000-00-00 00:00:00'),
(6, 'Grand Kru', 1, '2018-08-11 11:06:51', '0000-00-00 00:00:00'),
(7, 'Lofa', 1, '2018-08-11 11:06:51', '0000-00-00 00:00:00'),
(8, 'Margibi', 1, '2018-08-11 11:06:51', '0000-00-00 00:00:00'),
(9, 'Maryland', 1, '2018-08-11 11:06:51', '0000-00-00 00:00:00'),
(10, 'Montserrado', 1, '2018-08-11 11:06:51', '0000-00-00 00:00:00'),
(11, 'Nimba', 1, '2018-08-11 11:06:51', '0000-00-00 00:00:00'),
(12, 'Rivercess', 1, '2018-08-11 11:06:51', '0000-00-00 00:00:00'),
(13, 'Sinoe', 1, '2018-08-11 11:06:51', '0000-00-00 00:00:00'),
(14, 'River Gee', 1, '2018-08-11 11:06:51', '0000-00-00 00:00:00'),
(15, 'Gbarpolu', 1, '2018-08-11 11:06:51', '0000-00-00 00:00:00'),
(16, 'test_county', 1, '2018-08-11 11:55:41', '0000-00-00 00:00:00');

-- --------------------------------------------------------

--
-- Table structure for table `vs_district`
--

CREATE TABLE `vs_district` (
  `id` int(10) NOT NULL,
  `district_name` varchar(500) NOT NULL,
  `precincts` int(20) NOT NULL,
  `polling_places` int(20) NOT NULL,
  `county_id` int(10) NOT NULL,
  `status` int(2) NOT NULL,
  `magisterial_area` varchar(522) NOT NULL,
  `created_at` timestamp NOT NULL DEFAULT CURRENT_TIMESTAMP,
  `updated_at` timestamp NOT NULL DEFAULT '0000-00-00 00:00:00' ON UPDATE CURRENT_TIMESTAMP
) ENGINE=InnoDB DEFAULT CHARSET=latin1;

--
-- Dumping data for table `vs_district`
--

INSERT INTO `vs_district` (`id`, `district_name`, `precincts`, `polling_places`, `county_id`, `status`, `magisterial_area`, `created_at`, `updated_at`) VALUES
(1, 'demo1', 1, 2, 2, 1, 'Bong (Lower)  1', '2018-08-11 10:20:34', '2018-08-17 05:56:10'),
(2, 'demo3', 12, 23, 7, 1, 'aaasa', '2018-08-13 06:46:54', '2018-08-14 07:59:39'),
(3, 'demo four', 12, 10, 2, 1, 'asdfghj', '2018-08-13 08:11:58', '2018-08-14 08:01:13'),
(4, 'dassdsad', 13, 11, 1, 1, 'sadas', '2018-08-16 08:09:13', '2018-08-17 05:58:32'),
(5, 'district new', 52, 12, 11, 1, 'meg area', '2018-08-18 18:38:38', '2018-08-18 18:38:38');

-- --------------------------------------------------------

--
-- Table structure for table `vs_fingerprints`
--

CREATE TABLE `vs_fingerprints` (
  `id` int(10) NOT NULL,
  `voter_unique_id` varchar(25) NOT NULL,
  `left_1` varchar(500) DEFAULT NULL,
  `left_2` varchar(500) DEFAULT NULL,
  `left_3` varchar(500) DEFAULT NULL,
  `left_4` varchar(500) DEFAULT NULL,
  `left_thumb` varchar(500) DEFAULT NULL,
  `right_1` varchar(500) DEFAULT NULL,
  `right_2` varchar(500) DEFAULT NULL,
  `right_3` varchar(500) DEFAULT NULL,
  `right_4` varchar(500) DEFAULT NULL,
  `right_thumb` varchar(500) DEFAULT NULL
) ENGINE=InnoDB DEFAULT CHARSET=latin1;

-- --------------------------------------------------------

--
-- Table structure for table `vs_polling`
--

CREATE TABLE `vs_polling` (
  `id` int(10) NOT NULL,
  `county_id` int(10) NOT NULL,
  `district_id` int(10) NOT NULL,
  `precinct_id` int(10) NOT NULL,
  `polling_placeName` varchar(50) NOT NULL,
  `polling_placeAddress` varchar(255) NOT NULL,
  `status` int(2) NOT NULL,
  `created_at` timestamp NOT NULL DEFAULT CURRENT_TIMESTAMP,
  `updated_at` timestamp NOT NULL DEFAULT '0000-00-00 00:00:00' ON UPDATE CURRENT_TIMESTAMP
) ENGINE=InnoDB DEFAULT CHARSET=latin1;

--
-- Dumping data for table `vs_polling`
--

INSERT INTO `vs_polling` (`id`, `county_id`, `district_id`, `precinct_id`, `polling_placeName`, `polling_placeAddress`, `status`, `created_at`, `updated_at`) VALUES
(1, 16, 1, 1, 'poollll', 'ad', 1, '2018-08-13 06:37:32', '2018-08-16 12:55:34'),
(2, 1, 2, 1, 'aaa', 'zzz', 1, '2018-08-13 06:56:30', '2018-08-16 12:56:49'),
(3, 7, 2, 15, 'my_polling_plcae', 'address', 1, '2018-08-14 08:08:35', '2018-08-16 04:29:16'),
(4, 11, 5, 16, 'polling name New', 'address of polling new', 1, '2018-08-18 18:39:38', '2018-08-18 18:39:38');

-- --------------------------------------------------------

--
-- Table structure for table `vs_precincts`
--

CREATE TABLE `vs_precincts` (
  `id` int(11) NOT NULL,
  `precinct_name` varchar(255) NOT NULL,
  `precinct_address` varchar(1000) NOT NULL,
  `status` int(2) NOT NULL,
  `county_id` int(10) NOT NULL,
  `district_id` int(10) NOT NULL,
  `created_at` timestamp NOT NULL DEFAULT CURRENT_TIMESTAMP,
  `updated_at` timestamp NOT NULL DEFAULT '0000-00-00 00:00:00' ON UPDATE CURRENT_TIMESTAMP
) ENGINE=InnoDB DEFAULT CHARSET=latin1;

--
-- Dumping data for table `vs_precincts`
--

INSERT INTO `vs_precincts` (`id`, `precinct_name`, `precinct_address`, `status`, `county_id`, `district_id`, `created_at`, `updated_at`) VALUES
(1, 'abc', 'address ads', 1, 1, 0, '2018-08-11 11:51:54', '2018-08-16 04:27:38'),
(2, 'new', 'qweryy', 1, 7, 0, '2018-08-13 07:47:12', '2018-08-13 07:47:12'),
(3, 'new', 'qweryy', 1, 7, 0, '2018-08-13 07:47:15', '2018-08-13 07:47:15'),
(4, 'you', 'addres you', 1, 7, 0, '2018-08-13 07:48:44', '2018-08-13 07:48:44'),
(5, 'aa', 'aa', 1, 0, 0, '2018-08-13 08:04:12', '2018-08-13 08:04:12'),
(6, 'aa', 'aa', 1, 0, 0, '2018-08-13 08:04:13', '2018-08-13 08:04:13'),
(7, 'aa', 'aa', 1, 0, 0, '2018-08-13 08:04:16', '2018-08-13 08:04:16'),
(8, 'assa', 'asas', 1, 0, 0, '2018-08-13 08:04:28', '2018-08-13 08:04:28'),
(9, 'assa', 'asas', 1, 2, 0, '2018-08-13 08:04:49', '2018-08-13 08:04:49'),
(10, 'asd', 'dsa', 1, 2, 0, '2018-08-13 08:10:02', '2018-08-13 08:10:02'),
(11, 'aaaa', 'bbbb', 1, 2, 0, '2018-08-14 07:34:53', '2018-08-14 07:34:53'),
(12, 'aaaa', 'bbbb', 1, 2, 0, '2018-08-14 07:34:54', '2018-08-14 07:34:54'),
(13, 'aaaa', 'bbbb', 1, 2, 0, '2018-08-14 07:35:05', '2018-08-14 07:35:05'),
(14, 'aaa', 'bbb', 1, 2, 0, '2018-08-14 07:35:30', '2018-08-14 07:35:30'),
(15, 'pre_name', 'address', 1, 7, 2, '2018-08-14 08:00:15', '2018-08-14 08:00:15'),
(16, 'precinct new', 'address precinct new', 1, 11, 5, '2018-08-18 18:39:08', '2018-08-18 18:39:08');

-- --------------------------------------------------------

--
-- Table structure for table `vs_users`
--

CREATE TABLE `vs_users` (
  `id` int(10) NOT NULL,
  `username` varchar(25) NOT NULL,
  `password` varchar(500) NOT NULL,
  `email` varchar(50) NOT NULL,
  `status` int(2) NOT NULL,
  `polling_placeID` int(10) NOT NULL,
  `role` int(3) NOT NULL
) ENGINE=InnoDB DEFAULT CHARSET=latin1;

--
-- Dumping data for table `vs_users`
--

INSERT INTO `vs_users` (`id`, `username`, `password`, `email`, `status`, `polling_placeID`, `role`) VALUES
(1, 'pre_admin', 'a665a45920422f9d417e4867efdc4fb8a04a1f3fff1fa07e998e86f7f7a27ae3', 'pardeepprotolabz@gmail.com', 1, 3, 3),
(2, 'admin', '03ac674216f3e15c761ee1a5e255f067953623c8b388b4459e13f978d7c846f4', 'pardeep889@hotmail.com', 1, 0, 1);

-- --------------------------------------------------------

--
-- Table structure for table `vs_voters`
--

CREATE TABLE `vs_voters` (
  `id` int(10) NOT NULL,
  `county_id` int(10) NOT NULL,
  `district_id` int(10) NOT NULL,
  `precinct_id` int(10) NOT NULL,
  `polling_placeID` int(10) NOT NULL,
  `center_code` varchar(10) DEFAULT NULL,
  `center_address` varchar(500) DEFAULT NULL,
  `voter_name` varchar(50) NOT NULL,
  `voter_gender` varchar(10) NOT NULL,
  `voter_age` varchar(10) NOT NULL,
  `voter_email` varchar(25) NOT NULL,
  `voter_contactNO` varchar(15) NOT NULL,
  `voter_address` varchar(500) NOT NULL,
  `voter_photo` longtext,
  `voter_uniqueID` varchar(25) NOT NULL,
  `voter_barcode` varchar(255) DEFAULT NULL,
  `voter_verifyStatus` int(5) DEFAULT NULL COMMENT '0 = inserted once,1 = verified, 2 = updated',
  `voter_ballotNO` varchar(25) DEFAULT NULL,
  `voter_status` int(2) NOT NULL COMMENT 'active = 1 and flagged = 0, Deleted = 2	',
  `voter_role` int(5) NOT NULL,
  `created_at` timestamp NOT NULL DEFAULT CURRENT_TIMESTAMP,
  `updated_at` timestamp NOT NULL DEFAULT '0000-00-00 00:00:00' ON UPDATE CURRENT_TIMESTAMP
) ENGINE=InnoDB DEFAULT CHARSET=latin1;

--
-- Dumping data for table `vs_voters`
--

INSERT INTO `vs_voters` (`id`, `county_id`, `district_id`, `precinct_id`, `polling_placeID`, `center_code`, `center_address`, `voter_name`, `voter_gender`, `voter_age`, `voter_email`, `voter_contactNO`, `voter_address`, `voter_photo`, `voter_uniqueID`, `voter_barcode`, `voter_verifyStatus`, `voter_ballotNO`, `voter_status`, `voter_role`, `created_at`, `updated_at`) VALUES
(1, 7, 2, 15, 3, '101', 'qwert', 'Rebbica Snow', 'female', '20', 'rebicca@gmail.com', '987654321', 'aus 23 ahhtj jdfh f address', 'data:image/jpeg;base64,/9j/4AAQSkZJRgABAQAAAQABAAD/2wBDAAMCAgMCAgMDAwMEAwMEBQgFBQQEBQoHBwYIDAoMDAsKCwsNDhIQDQ4RDgsLEBYQERMUFRUVDA8XGBYUGBIUFRT/2wBDAQMEBAUEBQkFBQkUDQsNFBQUFBQUFBQUFBQUFBQUFBQUFBQUFBQUFBQUFBQUFBQUFBQUFBQUFBQUFBQUFBQUFBT/wAARCADwAUADAREAAhEBAxEB/8QAHwAAAQUBAQEBAQEAAAAAAAAAAAECAwQFBgcICQoL/8QAtRAAAgEDAwIEAwUFBAQAAAF9AQIDAAQRBRIhMUEGE1FhByJxFDKBkaEII0KxwRVS0fAkM2JyggkKFhcYGRolJicoKSo0NTY3ODk6Q0RFRkdISUpTVFVWV1hZWmNkZWZnaGlqc3R1dnd4eXqDhIWGh4iJipKTlJWWl5iZmqKjpKWmp6ipqrKztLW2t7i5usLDxMXGx8jJytLT1NXW19jZ2uHi4+Tl5ufo6erx8vP09fb3+Pn6/8QAHwEAAwEBAQEBAQEBAQAAAAAAAAECAwQFBgcICQoL/8QAtREAAgECBAQDBAcFBAQAAQJ3AAECAxEEBSExBhJBUQdhcRMiMoEIFEKRobHBCSMzUvAVYnLRChYkNOEl8RcYGRomJygpKjU2Nzg5OkNERUZHSElKU1RVVldYWVpjZGVmZ2hpanN0dXZ3eHl6goOEhYaHiImKkpOUlZaXmJmaoqOkpaanqKmqsrO0tba3uLm6wsPExcbHyMnK0tPU1dbX2Nna4uPk5ebn6Onq8vP09fb3+Pn6/9oADAMBAAIRAxEAPwDvLx9P8S2QHykno2ORXZ7N1VZnTH2l9Weea74ZexdwPmB6Ed65quGktUbqrrqctdWjxHB+76muSMWviG6l/hKU1srOSG6VrGOnmWp30Hw2+3GDk1hP3XzNG+nQ1be35GTx6U9Jq6Rxc7jJpEs1umzHODUxjdNMIybk2VXtQgwv1zSUIo1tJ6sjaJFGWJz6CtVBXsjFymiOKKMucEnPrVNJq5cW4rTc0LaAAhVHPrRdbsiacmrmjHEpIU1TTsi3NJJF22RASBWLi07rqLnjoXVCqrck+tbRWlznk05aE8EinbnOK2WuiK5V1Ny1t1lj3Cnfl0MpPpE3NKAtgN2a64yurmcpN7G+LtDGP5US0RUW3qihcBWYGsktC4uVxbefyZPlBpwlbqJtm5bXMc6YcCuxTTVrmb5lsZOtaRFchioIPUYrCotRxlKOjOBuo2t5WDKR35Fczdr2NuZpXM+5hMg6cnoBXPJcwvaN7mc8BXoOe9JLoaKV1oJ9mZ+MkCloZS5luR3NpiPBzTe9zoU3LQ5fW7f5WAO0Y6GsnFPU2ptpXRznh/TEuNbBLZwelaK9iGnJXR9rfCXR1ttIgUDgIP15NarbVHNOR6jbWeG6ZFaRSZF21ubdpbADnrScU9ES2asEQXnFQ10DmZdjizjip5UU5skMY6AVSiktRcztuMKAA8c0aDuQSR5GcUrIak+5VmhypqXFFKTvuZ8kWDnoKnlUtLGl29ivKmF5FDgloDd1ufn3oHiOWwmX5yUPVSa0p1Z73OmVO1rPQ9ItL+w12zCyYYsKqpUqXdmefKMozsjjvE3h8WucAlOocVz8sua7O+nCSOLubR4xxzzVt2eiNJ0rPUt6dCGcA/e9DUOXMrGKvHRm5Hp2RnnNK1tSJe89AmscYIPSptK5PK3pcgkstqkg8HtTempo3K1jOmtT8xJ/OqTa1BqNwtLXLeuPSrlbYHJQWhrxWnsKSXUiMuZvUsw2y4yeo9at3uYVLLQtW8RB4GfpWdnzFrlUNS59nyNwO096ryMfQkhtg3PeqTtsaSvsbGnuYXVSPlzSuieR2umddZ2sd3ECrZI9q64JpKxz2cXqTtbGPjjNaXa+JG9tNCOS08wcnHvWE5X0Rai2tCaGwyOtYK6dzayJGiMHAzmtfMco3WoG6Vlw1D5mcji9jE1TTo7rJC++TWTuOLSTTOemsxCxyoxQktxapWKUlqFc/IOakacmtCKaAIFO2iK1NG76MpXw+XCj9KlysnoCjJM5LXEYBt2MUXurmsY6FTwPp0UmsI7sAXbAB704yveLKnN2tsfa3w3tv+JVDtHAHXvXS17qOOfdnotpb4HPWkrIz3NOGLHQULuO5diT5QMVIr6lxUwB60DuKwOPelYaI88GkgvYhdgR3ph5lWQg9aH2NFdbFGcHdwDRsUrlWfpR8SKSbPzPtpwyqQwHHSuPm9m+VLQ71F2vM2tM1mWwkUrIQh9DxWkZa7F8il0PQtI1W21qAQTFXBGOtN1ZN6FrmtcyvEPg2W3VpLdd0R54pOM5O72K51J+8zlYbXZOeuQelRZvY55wilqzpLSGR4wSpwatp2sct7IutY5jyy44qb62RSaaKN1aEA4HGK0V92ZOSWhhTxMXIPAPalYnR6ktmqk7RgkelLXc0suX3jTjiZ8HpWjfRGSST0JxEV781PMJJOVmXIEZEDADbTj5lyjGTsicgN/EAKaVhWtEs26bumKNiE02W8HAGenemtHcalyrQ29F1H7HKOcrnmuujU5H7xLV1c9Js9It9Ysw8TAswzxW05SqfDsc/tuV2sZM+lPYy+XJnr3rCUdNj0Kc1I0tP0pXORycVkn3NJWauRanpm1SScYqeR30JvfdHOzW3z/eNVZpHLN6kUqhcKzVCd9GGl7ozL+CAgs2QeuRSleOiJ52YMt5pyOUkuzbsTwZIiU/Eg8flSinJ2RpFvdISWAjYQFkjblZEbcrfQ0PR6lSaeq1Kd9beUoYgEeg7UlYiLd9DiPFDxhHAGPes/JnQm7cxymom50jR1v4o2kwSFKDIBwTn9K6KMk6sYvZkqSfvdj9APh1YvDpMCc5VACT34rS/vXZxNnolpBlfSoYn5F2KIBvWpsF+hajTnpQUT449KroIa2NvvU7lLsRk8Zp9BFeQgqe1JKw7diucEU5FXsyrN97g1OrLumUpB1JpvQfM0rI/Ku1vueDXO1c9GFVyVn0NSO58wAE4ArFOzudtKSXmdBpGqvaSIyPn2qW3fQ6nGE1ZqzPVfCniaO9jEFywZW/vV20qreh5VdOLtE19Q+G6aowurQbSepHQj8K7VTU/hOB1JLclh8D3kMOzyScf3ecD8a55U3F6ktc6ujOvNAltt27I9jWTdtbDMG9tngDcHHek5WIspO5zF/F+8+9tB5qH2sTpcS1t+cg5ptpNXN5aRsa8C5Xk4I6VTV1dbCUEldluK1Djkj61N+xlpzXZdigUJhjkVT21HzKD90aIEL4BwKfNdaCcnbUvwWu1cqRg0t2ZvRlgIit3obaBpvUtWkS8kce1aNPqX05Ts/CWutpFzGTmSIn5l9q6qM3FOKZnVjeO57VDomm+LtOSa3wzHkMOoPvXZ7LS9zihVqQepLZ/Di7VGEcJOBwQK4pRcZHqKopIwda8C31qzedCyj6VndrYcp2Rw+qaMLN23ZU+hqHK6szFyuc7dRb24TOO9ZiXmYWsK/zqq8gdKl6q4OxwWsWzzblA5Fczb1aNoy5VocnF4pvvD9z+7bEe75omHyt9R/WuiL5o6luLk7rQ6lPFVrqFmZ0YgDG+I9VP+HvVPTcxlF82hW1Dwne+KLbdYGHk53ySbVx+v8AKsZytYpSUVudNoPhJ9CsbO3vYYLuJ5EjePaHQksBnke+aIqTncSm76M+s/A9uyaZCT3Uda7NNTCTuzuYIMIKVhaE8cYHFSNkygjp0oauJaj88UFDDikBHIMCmMqSHOeaZS0ZDJwtPRBfuUp3PHFSgvoVJidvWi62NIK7PyMsb8Dt0rk5XdO53q0vdRtQ3w2gnrRyK7YQm4aXNvTrwOV4+tCvF6HQqrtudlod4BIuGINbRcU3cxqzcj6U+C90b5vs85aSI42jqR/9aqddwZwzpOSPqKw+F+kTWcbyxtllBwvH862VS611Oa3Jojzr4qfBK2s7GTU7Bi0ScvGRyvuK2hCFb3epXN0Z80+JNJW0LjOB3BFcko2dtzRqNjzjVIR5xYHdz0xSdmQrroRW0e1dwOKnRsu/Rl6Bg7YotZWE3ZWNaGLaBtNLZlaNXsTthRjqfanuTZIdCoPOMGqslsPRssiU7cYJpMXLrqWIiGAJXBprfUpSS0Rfttp6A59K0c2yG9Dd0pEZgSDweaRB7X8Kbow30UaNmNiAy9jXVTqvZnPOKbPohI1RQFAArlbbepqkkVdUsYbyzlWVAw2nkjpVRbvYZ84eN7MC5lRE4DHGRWT+LQVzgbu1KN0/+tTunc2srGDqtq+4SAZA6gelJszOP1VYInLOGTccBh0FZctty1q/I4rVPCa6jdSYYquAQxqHzW0NVO3mYdno8ulagPnLR5IZT/EvoalVOdWe4PR+Z0UGpz6VOsNvK5jlPAHBFaU5W0l0FGEZN82h67otxbyW1jYTxv8Aa0v7dWd/4gZEH8ya66bjU16q5nZqT9D6Y8LWgW1jUdPektTBy7HWhNqDjtQPZWBV5pBoh5G0YoYLUAMj0pDTfURhxzQMryGgCs+Mc09x76laT5sgUAihO2OAaavcTRXc7lpNWNYXR+PFo2ACTg+lccvefunoNuMbPc0oJ8Nx0qlLQzcLay6m9pt2QV9Ku73HaKjudjoV6GmQ5AAPNZyiKLjZ6n018APFtnomuW8t4oaNWHBOOK1p04y+JkSn7vun21pvinS9VgSW3vIiGGcFsEV1OlJdDz+ZEXiRoNQ0S5tw6yCVccHPvW1BShPmM5zSR8d/Evw61rczFYip5yGGaidOzuzpg+bc8W1K28qVwR+VczS3RpPdMzYUJJBHGcc0JXM722Ni0tE4JAFLYuL7mnHDgjA59ah73FFbpFhbTdzgZpholclWzG337VKlcUb3J4bYAHcOneqeiEnrcd9mcngcVKkorUq12XbC2dHyRx61aYnHqdDYRs+AqjOetUTZXPRPBWrNpF1FI3y7SKuFk9SJrS6PoPQfGdnqlspd1STHPPBq3DX3TNTWxpz6lDc20iwSqxIIyD0qoU3e7IdVHiHjizuLe7cyplWOQ3Y0qseVjptNHm2pSLGzFsD6VzxVza5j3DCbOOPwp26FHKeIdPMkJChSO64rKehotFocDdyTQ3BBygHAzSk0itY6Gdcx+c4cD5iecVnypbi5m16FjQ9Pk1XxZpVsgP3wWAAwcH3/AAFCTldx0K548tnuex6p4ZvdN8a6QTE8lvNdWzIY14AV1Jz9ME/StKDcJNE2T1R9Q+GIf9Gj47V0LY5UrG/IuPpRuWRhSKNiWPPUUBEU/dNIrYib6UAQOcnpRoGxXmxyB1oRSKznFAjNuCM+9NPUpJ7kDNx70S7lJn4u6brqzACT5T61hGPItDqnUjJeZ0FpcKwDbsihySVrFpe0ibMM4AGG4pLSyHvFpnRaHcGKRXDZ9qqUVLR9DKVNKLtuem+HNbeDb8xGDkEHBoXLDRGMZN6M9c8IePryKWFftJbHGGNbKdldkbaWPYNH+IV3blDvyh6g10RnoYypN6mj4itbXxlp7N5qicjgnqDWspQZkqnI7WPm3xp4autHv5I5kJTPDjoa5Zw5dj0INTXMjm7WyCP85Nc9+xnNa3NWC2LjABFU9gu7mhbwCPBY9Kkm5dhg804Hem3ZE7FlIQmRjkcVForUPMfHEMEdCab1NF7q8iaCHJxjJqPdb1E9dUaFraZHIxittmS9TTtQIGBXNDV9BWOjsZFmjHOG9Kq/QnqdJpuoy2X3SQKtXRm0nsjVtvE9xYTieOQ9fmXsa6IzcHYiUOZHXrqum+LtNMcmBJjlTwyn1FayqQmrM54qUGeSeL/Dh0u6YY8yMnhxXmt2Z1qd9zkJ42UkbcLSTNTOuYM54z7VnL4kM5zVtMium/fRqffHNYypLl0KjJowbrRbW3O5F6ep6VslpYNUX/g9p39qfEKIY3CL5uOoORj+Rq4t2uXUSjG6Wp9U3Wk4vbU7ckDiohpe5z8ySO80C3MduuRzW6EmjTlHFMXUgGeMUFWQ7G0UgXmJjimNkUrFRkDNArlOWR9wAGPWkhrUjlbOe1LYZVlbIOKY0jPnOGp3uNbaldmwSRSL6aH4qT6NJGuVQgZ9KSCUeWQtvdXGnjnlfQ0muY1hOysath4mjZlDHYR69KFDRtmyqRXunXafrSIVYMCT0oUd2ZzbasjvdC1TzY0bOPxqbkppXO+8PavtuYvm43DvSk9LoiLu/ePctKvlFqmWHKginCo3HYpr3rIS/wBensMSRyFR6A1vSqxhLYU4M1tJv9H8YwPaX5UXBGBu9fau14uNT3eWxyy9tDWK0OR1f4a3Gk6oVVfNs2bKSL/I1hOhpzIqNRuNpEtz4QntIVbyiF67sZrn5WwTVzKn0xs524x14xUbOw9gRCgAHWokr7hoSiEnILkE96EknewX0LFnYZwGkLH1NaSn5DW1jQhsPKJyM1g2mzWT7Glb2gYZoTvYxJ/s5j6da23FcnTeuG3EY9Kl6vQEdXol4t7CI3HzjgH1rpgubcxneL0Ls2mSBjwWU+lJ+RUWmiBI7qxlEiB4wOh6Vnqimkye51JdRhaOcZb3q4wU/Uz6nGavprwO7gHYfSonBp2HzdDCkXn7ufrXKk09DXZmTqVrkHjk+laKSTsNvqc1qcJWNhwAOuajdtlKLZ1X7MGimbxbqN00ZXMioM9wAT/7M35U17616E1mpH1PeWJ/tG3IHA61avcxlpozo7NAqcVr5FW0JZB8tP1JZXHGaLjerEI460ihrHNMYxyNtTbUnZleRsg9KNEha3KcpOfemaLQqysT0p6JAtSjcAk/Wp16FFOTIGDxQnYaPzM1L4fAR5EfJHAA6VhGSTsaylzNp6HF694LaKNiFB4PNXF3exCfQ891nRXtpGAXA9q6raXQoK+plRahdWLAI5XB6Gq1kry0Kk2r33PYfAdzeanottdZ2+buwP8Addl/mprjulJrsaOSStJHomjLfJNGwOSp6A9aclHexknaVlsevXGr3GhTw2l+7QSAKckYDfjWUHeDmti9FJ26G/JqEd/YKRIGz3BrSDVrxKTi9ZMr6ZayxXaMH6HNaJq2pc5RPp74PaJH4rsWXUY1uIYlGS3UmuqNf3TglBcx6dqPw50PULBrb7GsQIwrL1FZc99GFj5w+IXgf/hG9RmgBBCn8xSlHl9BJ333PPpYEV8Bf0rHdD1Inj2kbuf6Vkr3sWXYFCLkDB7US1dhXNbTgJZBHIeD39KqXLbQpPqajac1uR3Q8giots7EKVwmiOM4wPWnfTRgn0ICCe1ZptPUlppmppw8ra2SrVup20B66M9e+GFhba5JKbgCRolBxnrXSptx1IitWjudd8LaRPpdwZYYrdVQt5vTbgdaqEnJqL1NOU+YNe12002aTFyiqv8AGzAD8zWbpycvdVyF3ZXtfEVvqcQXzEkyMgqwORWVRyUbsnlSdzJ1YJEd0Zyp9KwjN7G+piSXCkZbAFGsnqJrU5vWriJVc5BJ9OlKV17sUaJvY9n/AGZdIUWcF7s5uNzhj6ZOP0raMbKxlU0lZH0DfW4W4RvSrWxDV2mXLYYQVRV7iSEdKRLsQlhg4pj9RmQR0pN6gkNzTHYjf6UMRA5AHtRayGtynNzmlfuPVaFRwRnnPvTuhlC6c9KRSXUqSHKkUXuXGx8YajBC8QwACKx5EloO95XOK8QaVbmI5GCa0jd6NENtnj3irRUjdsc1adjSN1qjzzU9PAc5Faxat7yHKe91ue3fCjSd/hDT2Kn5t5H0MjEfpiuOLfPJM0mk46M9j8E+HRe+INMtQm4S3EakHv8AMMiio703zHPG6d0fSP7RHwJ1HX/sk+h2yGeEL8pOA2dwwT+XNPDtRw8Ysi79q33Plb4i+Jbv4V2em/b7KaCa4neBomOCjKuSSO9dNLDynzKL2VxuV3d7Fnwr8X7bVlieMjIxkE/pWNtNSpSbPof4TftAR+HJQpYGJ+HjY4BrSLSVjO7Z9Fab8c/D+oQLIDIpI/hww/nWign1IbaVzzj4nX7eJmm1G0xLHj7o6gDvXbOHupR1scsKt5WkeKXV8iTEZ+bpivNem53EInVuS1ZOSWiFfWxahmU4OelZubejQM0rOUCQMp596Og7rY6bSb7zm8iUBge/pWkZprlexDg90egWPws1LU9M+1RqhjYbkUnBYfSpjS07FXPIviN4s0r4dxvJq9ylp5fVSctnnACjkk4OAOuD6GnGjKTs+hLVkfNvib9qG81WUR6e0+k2ucfLs8xuTyW7cY4H588dcYQTIs2dB8PP2mrnwLPNqFvq17cybCrm4m5ZzyFCkkEcHIA7cV2QVlyy1MZQk5Ll08/8ztfEH7aM3iS1NnqF6qpOhKtkhUY9A4H6Y/SuqjyXtJJL8zKV4Xbbf9djxrxRNaXYbUtQmWNSSwLLuIXrx36VNag4K8dghU5ndni+r/EAx+Iv7V0Vn0vJVU+zuUkVQeuR3OM46dK81uUVys6VBVLSktUdNpH7Rvje1vWkfWDf2QOPIvII5AB/vKFfP/AqU3GS96Kv9xs79GfRnhHxl/wmHhiy1fyTA1wjboSc7WVmVgD6ZUkexFcM97Ia7MpaxeGZxEGOWOMCo+FjvY+wPgHof9leEfD0ZHIsIQT77F5rpUrnPezPVNUUK6GmjRaCwHCDmmCIJz+89qVw3ZEx6UBsJntmjdgxrNVbBe5E7YpAmiCU59qNi9ypKfxpdRczKruOc0WY732M+6IzTbK6FKQ56ce9N9xo/N648feIdESCbWdCuksbiNZYr2NTtKHp2x+v4Uo01XiqlJ/IU5Rg7XIpfHlnrMRlglVsjp0I+uaiSnGdpKxSSaumcdr90Ljcx4yOMVrfUUXY4XV1De1aWSV1qbfEr3PpL4Saar+AdCYrw1spwPqcV5sJ885tdx1ItSdj3r4QaKs3jfQxsIH2yLPv8wrWceaEovqmYpuMj7zmtI7lcOoJ96cFaKIvqfnn/wAFQ/DkOnWXgq6ijCmbUJ1baMZ/cE5/QV7uCjzUaz7JfmjHm/ecvkfBena/daJcb4nKkHp2NeaoxlubrY9L8I/FKWZ0SQsjt2B4NRyKntqTJJM9p8M/ESbyQombHbP9KcXyslpt6bHf+GPi9caLOFkLXlo/EkZbB+ozW9OvOEjGpT5/h0Oi8TJpfiG3XV9Dl+crukgPGeP0YfrRWhKteSClzxXLNnDDxDEj4aQLk4wTg59K81JttHT5l6z8QRylgJANvB5rCT5HqFh8njm206WJNzTO5OEjG44HU1rHVFJXdkdJ4f8AiJpd2gmt7uOUq2wqDhlbOMEHkH2pJWZPkep+FP22vA+iaC1rq0tzJPas0UYtIhKZFU4zgHgZyM13U0qjtJ29SG+Vdz4T/aa+JrfEjx7fa/BMz6JLIWtIhuAhJ+8GyBlugz+Ar0MTSkknHVJLUzpScm5S0fY8DutUiW4JOcA5AzXA32NiRvERdVEZCY74qlLl3Ar3GuBcMZGkcDv0rRSc0S0bGifFe88j+z9UlNzZnHlybQXh4xgY6r047V1RxE4wULnNOhFPmjuYPie1gM5ubN8q3JC/dPuK5JtyOiF7amJYa+9hK2eVI2spPWsG31ND3D4IfFnSdFmk0zU9QewhutphllH7hZOchiPuk8AHgcVnUTkvd3Juk9dj2Gy1V7/xlpVj9muI457yOAzNE2wZYZyeg/8Ar1x03zO19dfwKauj9E/h5aJb6FpSxrtVbdFA9MDGP0rog76nLFWOl1bl09q1SNSukm0cmnbUXmNdsn1osO/Yhc81PUBm7mqsK/Qaz80htpbDJGHWmtAvcryNx0o3KS0KszD8aEFynK3vmmmNaGbctgnNJu5dynI/y9Tmldj8zyTSvDdlN4bsrG5t4p4oreOIxugZThQOh+ledgk40Y9x1Hebujyzx1+yz4Z8QNLdaYJNFvW5L2hwjH3U8fl616saz+1qZJpX5ND518dfBHxp4M3ssK6zaL/y1tfv4zjlD+HQn9KpunLbRlXaV5bHj9zqkcs3ly5SQcFG4I+oNHs2kbWT1gfZnwi01j8P/DClMEaXa/8AolK8ui1zTfmyqsmptH0F8GNL2+OdGJXkXCt09Oa6Zvlg7ExkpPU+wzWkfhOd7nw1/wAFT7Uy+C/AUoXkapMpP1t3/wAK9zL7PD4l/wB1f+lRMkr1fkfmdeKUJznrXnJcyvsdTSa0H6Lqa2F4C6ltuGUj1rNrn0iZn0d8Mby38TaessYIljOyRCPunr+WCKwXuPkY9z1Oy8PFiCYxz7VjK/NoxOV9tzrPD9nc6bOGjyF7jHBpc8k9HYlpSV2dJf8AhGDXY/PSBYrkjlgPvfWmm5yvLccbJWKmi/DqS1lmeVA7OeB2ArK1nqVzJqx5z8edc/4V3NoyWMUw1OeQxeZDCJCqMrEKFIOWYx8DHRW6ZFVTpKV5PZCe9jwXUPj54h8O6/d3B061s7qVQXWS3wspHAZ1yCGA4yD2wRW7jCatHY0UHe/MeP3vjOd5mIbdyzHPQknJP51stI6vUl7lfT/G11aTOJGae1m+WWB2+Vh6j0PvXXSryhpJXRjKEb3W5W1rToWT+0dOuGnsnA3xv/rIG7q3qPcVnUlGTbitAhzW97cw2umBAByO9YWtuWtSKa7Z8AflTTtqMpG6aNyckGk5NpJhYvWeuMg2OdyHt6U4ys79BNdguo45ozKnJPp0ptX1QIpxXDKGjK5ToQazL6nsPgH4xa1pNpHaXN9d3FkoVUEkxkI2kFSuejKQD745qeXZrczlG7P2D/Z58SP4t+GHh/U5wBcyRMkwAxiRXZXGO3IPFDtzaHPT+Czdz0DWfvIfemnqbvYpA5FO5PQRmwaGG6I2bNIlbkZOD1pjGs2Ae1FhEEj8AU0upSaZA0mTiptYcdNSvM3Whdyt9SlcNjp1o3GihP8AMOetNl2KbnAPH502Gp5Y8Nzb2xW1YBlyBu5FYYdRVNJk1G3K5m/2/qNqNt5Yuw6eZB8wP4da25FfRmLdnqhmolLuE5UZYYAfvU2ve5pqkfD37Wnh620TxnY+VGguZ7czSbEAIwW6kdScj8q64K9FzvaxdGVql+mh9a/C/SjB4K8PRbcCPTraMfhEo/pXi0kpXcXc3nbU92+D9hs8X6cRzh92foDXXL4H3ME9T6azWi2IPiH/AIKiuJPB3gK3zgtqc8n5QEf1r3MA1DD4iT/lX/pSJUrVLeR+a+pWJO4Dgdq8yKVnJm7k7WRQ0/SfNvE3FihIDbR0rNuzuiUm9D7D+CXwxuNAsZJZoDCLjawjdtzEDOCfTr29q4nUVTWIktNT3Ox8OBwuE/Sphdbkp6nRWHhsAgleaTi2w30Oo03QwrDC4qulyWjqrLQIp1GYwHHfFJ3ZKufL/wC2T4Ie21bw1dtJLZQXNwsdtdrGHSO8UOsQfJ4BEhOO4VhWkLuDfTqu6/pFtva/ofGfxw0O7httL1tMQWd9H5T2p5+zzqMlQ3Vlb5ypPZfwFU5XXurQ1fuys9zxWV2VuB3ra4iQQSuM7Tz2o5iuR9i3psk9pIWU9eqkZDD0NHPYfI3uPurGNgZIF2f3o8/ypuTlqwcGnYyGRgxGMZqea4nBxKksDh+Vyc0XBK7IijKTkYzQ56WL9m72Jo5pIQFHI9KdzOw+SRH5UlT3FNu6Av6JqiwXcYlXzI1bkHoaejVhNaH7E/sCeJk1v9n/AESUxtAou7uNPMbIciZiSvtuLY+lKUeVRV76fqzkikm7dz6N1jDhecVKvc1eqKKGkHQY707MlXIvM5PpT1Q9Ogwv1PpQgGs35Gh+QXsQOcnjihMauQu3GQeabBbWZXkbipY1vZlSVjgkVJdkijL83PShRa3LvYz52+Y56+oqw6HCQJ+7BHSuei1ypIzdy0lgJzwoPvW7SsZXbdmVde0ezTTJHmQb1GQRwQaqmnexLkran51ftMLIPHd67zSz5iLqZCGK/KDtHsM111ppQ5TpwEb7PVs+6vA2mm18PaXCRzHaxL+SCvBwkbUk2a1WnJ2PZvhNa7fFdkfdj/46a6pP3XoYx1PoH2rW+gWPhD/gqHcMyfDq1H3S99KR7hYlH/oRr3MJZYHESf8AdX4v/I507V/+3f1R+ftzGVYhhXkXVjrtc6T4RaZ/aHxI8O2zLlZdQiLD1CneR/47WVW/I7FRaurn6GaR4eCorMp3Hk1zwstbGTkrnT2Oj4wNvAp2tqZO62N+z0rBHy4ofmUnZG9Y6YBg4zSs2S3c3rSy2YIHNWknqO2pzXxn8G6H40+HGsaV4iiibTZoGLyStt8lgCVkDcbSp5zmrjvZK472Pxe+Jp1Sy8T3Gi31zPLDpTtFbebF5RkjJJWRl45KkYzyBx61tyxg/d2Kg24q5yun2f22Zd3IzUNo2infQ6ePRQq4KDFYc2tzseqsVb2wjiBKtzWXM3oVCNtzJdjG+R/OtbtM0aUlyii1huTuChZO47UOpYxcLPXYpXVoofJHI71Km3KxbSVrFJrQMT3olKyuVyNiC1bHbApqTaVzGVGL2ILuyMa+YvbrW0XYxnB2Kdq+JQTxg1djK+lj9N/+CaHjKXxD4Uk0C71OERaTdO9tZtKBPsOGOF6lSzNzzjHvWzi+VTX9L/h/zOJxXNyo+9NT/eRjFYXNbaGahIXFMnYYzZP+NNakvYZnax9Kd+gr31GFgDx1pFNjWYkUm2FkV5Hx1por0I5WGMU2SUnkzkZpM0jZaFeR8jHSpSL3KVwwCkd6OtxpdTOkbrnmrRe25xWlRtPEpPTFc8HaNjGSu9DZCeSnytg1dm9yGmzhfiBrd1a2DrDELhh1XdjiuiFk7mDjI/P3473jax47mZka3biJ1IPzc4yPwzVVZtU7PU9TBpqpG3c/R/QbQRW6jsvy4+nFeVQhaCXkZ1GnJ2PTfhVGB4ptSB0D/wDoBron8KJjsz3EON+O9adCLnwH/wAFN7lZfEvgC23cx2l9Lj6tAP6V7NGyy6t35oflIySXtObyPhacByRnp3rylZI6W+h6F+zxppufjB4WAXK/apGPtiCU/wAxWFfWk11NYJNSfZfqj9F9OsgI14xxWcU1GzOK5uWtoMgYq730DdXNu1tc4wOKRK0Na3gCnGKrToM1LdMYo6jOR+M/h9/FHgi50xZZLeObmWaLlkUAnIGDntTT5dRPSSb2Px4/aE0uTwt8UtU0651CfV5fIhcXN0oEm0qQqnHoABnrnOa1STjzLb9Docuf3kedaY/kTKynqawldnfR5bHSXGp4jX5sVyRfL8zZqxh3mpGbIHWtVoxJWMwyZJz0qXJ20L0Q5Jyp46VMWpaMLMfNIJV6/NWrsifdktCkxMZ965JO+xtZNDxKAQetaRm7Gbj3LQiEsTcDBFdMZJq5lKMpaJHPXMCxSyqOpB2/XtXXT95pHnzi47H7Yfs9/sw+Dvh54c8M6pFo0aa5BapIZiznY7DLEAng8n8zTdqc2oPTX/I55S57X6f18/me5XxwMelZbCepmMcZ54p7onqQbtxppk7Mbn5qt7aAMZgGPNK5SS3ImY9uaWiGlfUglkyfpSsG5WkmBzk07lxsUnkDMef1qeo07u1hhlyCaTunoU9HoUbiQlj2q7XQ0VJjwR6UJFxXU4+xuVjhTHAxURgzlk2pEl1qiQxEk0a30Fd30OA8V6iotpWZgN3qetaq99AtdJHwv8Wgb74tQxbw6zXlvGoHbMicfmzD8KK0nChd9mduGhpa5+k+kIWhB9ST+tcNFN00/IiaSkz0f4XL5fiaA9gjn/x2rleyTJV7M9fjnDXWN3OelbvYk/Pf/gphc5+JPg9ByF0q4+nMyf8AxNetTV8umv78fykY05J1ZRfkfFkgLS8Hj1ryktNDrkrHsn7J1qLr406L6RR3Mv8A5Adf/Zq5sR8Ku+qKi7Rl6fqfofZQjjir2RyWNq3iUAZ4NCZDNa0VSOCKGNu5oQoRinsMnur6DS7OW5uZBHBChd3PQKBkmiwXOAj/AGlvhNqFpn/hPvD7o3ylTfJn6EZyD7VmpqTcVq18z1P7Lx7X8CX3M/Nj/go34g8G+KPjBout+DNTsdUS40jyb+TT3VkEqSsVLEfxFZOvoor0P+XSUlZrys7P9P8ANnPUw9TDPkrR5Zdmraf1c+WNMvyJFTPQ1zsKe9kbs8pZAQcjFcMXvc9DlT3epnPlmPGKb95XuXGy0IwFB561klzXRajZ3YMhVQcFR296qUbfCG7Ym7Pfmi3RiVloN+91+lS97MHZaIZtwcHGKnS9iZOyujT05VbgnIrqVrCbbs0zN8T2rWDC4jOBt3ofRhyP1xW+HquMk1umcdeCSbP6B/Dsxm0DTnbh2t42Ye5UGrmkpyt3Z5cNYok1B+KLXKdzJdgT14p7Cu0Rk0A1cjLAN1odwfYZI/tTF6Gbq+r2mh6ZdahfXMdrZ20bTTzynasaKMliewAqHNRV5FKLbsj4J+KH/BSR7q9vrXwTZRQ2kMjRw392u95wONwQ4Cj65OPSqgtU6i+Ron2Wn9fd+Jxvwk/4KF+KIvHlrb+O7+zufDdwWSaeKx2PbHB2sPL6jOAcjoetdMYU5+7GOoOEtGtuu/4H3H4T+KXh3x5p/wBs8P61Z6rDgFmtZgxTP94dV/EVzuMov3kCcW7o6aO8EsYP8jTsUMd8j2oW42U53JbjpT5S43PPre9/dqAcYFZLRGDSvdlLUL3eCM5FWrIlR5Xc4nxhbxahZsshIAHBB6UXkndGWnNofFup2aD41aNZrI8oGr2gzIcsSZ0xn8anH3lQb2dj08NaV4vsz9MtLkxAp6ZrClflRzvVnonw0kA11W7iNv6U5yegjrfGWuzaRoOqXlu+yaGB3Vh1Bxx+tdMI884x7mcm+X3T5i/aI0Wx8Y/BrW9X1Szi1G+tdLuLiK5nAaWFhEzKyseRhgvANaYWpN1+RvRvboNRSldH57XYKyHbkc4qaqUZtI6Hvqe1/sjTxaf8VRdTSpGlvptzK7OcBRmMEk/jXFWhzqKXcajeEpH0VeftnfD3RdF13UW1KSZtOKxpBHHlrqRg3lpEc4YttPUjGCTwCa6vYvmUJuxyt+7ddTxX/h5Fqtp4b1ETeHoW1+4YtYosh8i2RjgCU4BbaAD8v3iT90Vc6UIVNPhJUZNWa1/A8b8L/tifFHwv4pGur4putSkkk8y4srxt9tKD1UR5wo9NuO1aVKdOqrfDbsaOny2tK595fs9ft0eEvi/d22javt8N+I5SEjglfMM7ED7jdiTng/nXnPmgve2E4taWsfQvjZg/hXUwehhbNarVqw6btUj6o+RP+CbTQJ8DdZlKqbh9clBJAyQLe3xXDh+WUpSfc+54zm3mELfyL82eX/8ABUrSze2HgPXQqrJBdXNgxGAziSNZB7kDyW/76r16b/dyinpufDwUnufC+lW4EYccE1zSVzqptXNgOkUOXYfTNc0k3I6eePVmfc30IPyH9aqSd0bRqRtoym18pPDD8KiMGk9AVSzJJNRLxhS2QO1JRtuNPUYbpQARQrS0BlS41qOIe9U6beiMfbKO5Sm8QF1wF57VpGik7mE6t9ibTdZuVlG08Z6GteRIPaSbsjd8TalHeaLCpVjICQwU9RtOcfjiiCtK6CpF8ru9T9r/ANk/4lSfFL4D+Fddub601C8ktvJuJrMFVMiEqcqeVbAGV7HOOKuSl8UlueVDmUbSR6hfPmhFszGbmnuJkbvRYL6ELOQ3XFO62DQjkkJGCaXMJnyD/wAFA/jnovhb4dXXgBSbvX9ejQvFG+Ba24cN5jkf3iu0L357Csv4kko9NztpR5YuT3f9f1/V/wA3I7S1v2+zW6GKQj5WNb2e5mV5LOLQpdhYSXPdvT2p8zi9GU2zpfhn8WdT+EPjq18Q2J3R7fJvINxUTQkgsOO4xkE5/WuylJSmoTe5NX3lzpao/WrwT4iXV9JhmBHzLng5rGrBQdkyIu6OlEgI55zXPYsrTHb3ovfc0izyBLx0QfN+dY86tc5m77lea/yfmJzSjLmGl1OK8c61JaWpMELTgqchT09K6IKys2csou/Kj5L0q7bVvj/4eeSNo2bW7TfG3JGJlOP89qWJbVJu+lj2sLBLVPo/yP0x0tMwKPSuanpE4m1c734dNs1hsHpGxP6VVXoC6lv4j/a/EXhHxFp+iOsuqtavHHHuAIcg7Tz7it6VSEK8Ofa9zCd3FuG58I/FH9ojxBpnhfWvAOv6Ckep3Fk9o9wkxiKq4ZN5QqfQng9q0hReHqe0votTocub7Nj5tuLrI5IBNZt6lpK1zkvE3jKTTFnsre5liM0Rim8pyu6NsEo2DyDgZFTHe/YUmpKzOet7lbi0LD59rBtoPQYIz+p/OtN9CdncxrnU3lvZn5ALcLnoBwKJSdyuhOmoGQAZK/SjmfUSV9i1BrM9rKjxM8TxsGSWMkMrDoRUNXLdmrWPvr4Gf8FCdLm+FOpeGviXfywa5Z2/lWWpCCSX7YhGFD7ATvXuT1HPWsOR0pq3wigl7SLl0afqfIfhP4n+M/A2lm28OeJtX0W1nIlkgsLx4lZ9oBJUHrhQPwrw37ejfl6n7snk2bTU5KMpba7lHxj458TePjbX3iLW9R12exJWGS/uWmMQbrtBPGdoyfpXTQxc5S5JnxHEWUUcI41KS5U+iOLtZjBcyO5b5iSF7V685e7c+BXuuxR1C8LzSYG1CfWmtCZO7M0Xbr3yBVbjasW0vYSoyoPrWsXDZoLt6FkXmmeVIXS6Rth2CGRcbu24MCcfQ1lKEG2Nzlsip5rOseS2043Y6gVjyxjsatSSd2Mu7aBhiHcz+rHrWpje+5ThU+aE+UHOOaCTXS3eCbAKkeq9DUPzOqHvbHWaXpwv7SQLnei5BFJSsrkSi7o/SD/gl94e1rTPhdr2tXkBh0TWbxJdOYyA+b5e+OV9o6ZYAc8nbXbUlanGHW7f3pW/I4JaSdlb+kfZl7LxXNdNaiMx5cU0+wiF5t1CTE0QNMuQCaNB2sUtX1aHStPuLydwsEEbSOx7KoyT+lRL3YNmlOnKrNQXU/E342fFK4+J/wAS9f8AE9yhRtQuy8aFtxjiGFjQH2UCppU+SNn8T3O+TUndqxgQ36RATBjuxxk1um1ocxgPcmfUA5bIJ71OrLuhdSk8w7SAQeCKUXaVzocFbyP0y/ZC8dS+KPhZo01xKzzpH9nmLHJLoShJPqShP416FSHMvaLqedG0VY+jI5wU4rks76mqElf5SSRn3o2YHzynjHTboqsGoW0zMMqI5lJP0wea5VO65raEqLV7okbV4ZOA4J+tL2kE9BKN030OZ8VahH9hlbPAHauiLvuZTi20kfLvgA/af2kPDrytu/4m0bM2OyL1/wDHR+dZY2dqV9ketRu4pLQ/THT4ZFtlZRuXHVeacGjzpq52/wAP5MX8znjER/mKyqvaxS2sZvhPW4IfF3it7i5SJPOhVTK4Ucg+vqTWVZqVWNuiKjB+z5Xvdn59ftfl1/aE8TMRlSlvt+hjB4/Mn8a9urZ4ai15/oc9Hrd7M8UlcFWHO4VwanWtZK55T4saQ69c7sj7uAf90VV7pEyVm0VdPumidg2Spxx9DVXQugwYluZCvAJ4Hp7VLTLSvY2LSzZSCUyK55zSTR2Qoyi+Y6Gxijd0V41K+9cqm073PQjRg1cwvEEK6Xq88SHCn5hzng812wlzRueNNKM7dCrbXM7SAROxY9AKptWdyoylzrkduxrSalexWTRS2/l7nA83aQWGDwf05rgVGn7Tniz3MTjsRiqShXd+Xa5Ld2qm0t3PUjGRW6dvdZ5jgt0c/eWRDnd27VotjncLysipOm6Dy1HQ5BFaKRDp2KkcTZOec0NiUHdD1iYuBjipvYtRd7M2ZbfbaBkHIHNcSnaWp2SpXV2ZjRO53Dg123ON07biR2hMoc/epuVlclQvozTtkfIBNYSkmddOCOw0RmgtJQDh3XaD6ZqE07Jj9nyu5+rX7AU5X9lvwhEwAMZuxgDt9qlIruqaSXojxn8cr9z369mGzmsuouplySgA81o2khNO1z5y+Mv7Yel/DvWr7Q9L0x9V1e0fypfNkCRo2OcAZZsfQD3rJe0nbl2OlUlD499z5F+MH7VHxS8X2wbTtVvtIYyhYbfSSYCxI4UBSWYk4HJJ9BWtOnySXPqFRJxfReX9XPZ/ir+27pOkfDHT9C0wjWPFV9piwai0+4LZOYgsnmDqZCSfl+uemKWJcalWXslaLb+S6W7m9L91JTW6/D+ux8E3sGn3pEdsqxhABn1qt3dmcm73Ob1pxZOI4myAOSKTeuhTSa0MmCQmRTnvmmmSot6osXcuBk0tC1J812j7T/YA8TtLo+vaSZCfst2twqE9FkQDj2yjH6mu1Nukl2ORpKo+59y2dxuiUjmuZpN7mididpcjmi43qfjLFqkkSfKcAnPHrUqbNuZxVky/a+LdSgI8nULuEjgGKd0/kabnfTlRild3ZdPjjWWCqdRupEHTzJ3b+ZqV2SLtzaNnRfDLx1p3hPXLq/1a0mneaLykuIAGeLJ54OOvtXNUu2rK50KEYq0vvPpTwz+17o3guzvFlv5tQhVA8VuNwkZuwUsMc5renCdSSktEzmacI+8j3z4N/GzW/HHhS38U6RpifYZVdZLWYkyEq5Vgrjg8rwcVlUjBzdO+q6kTi425lozjbHR3uda8Ra74j1O8bQkuJNSSweUjG3c4zg8BRxgHBxW9SXNOMaas7JN7goLSUump8I/Ev456p8TPHGpeJL+KO3e8YeXbx/djjUbUXPchQMn1z9K6q7hBKhTd4x2/V/MmlC2st3qZui+JP7TkCMgBPcGuGb5dje93dEHjbwrcXWmPrkMZe2tHjiuXH8AkJEZP/AlI/EVvGPNFtEyjKOrWhx7W6i3y3APeudXudD5VHYk0u6gtJkkIzKjBlyAwOPUGt5tNWQUqyg9tDp21FbsGSOCJSRnbGgUfkK86U5Tm/aPU9P7HNAy7u+lldRteI542mqjGK8zkvOTvfYqazZSSypIMlim52ds+wH6VrGcYqxM8PNtyRN4ZtGluzhgPL5PrWWIlaPqXhqb5rtbHSarMt9pl1Gj4e2XzSSvFYYWDvzy06HTi37tzPguxc6YsTDPHWt5r37s54JOCRlXYKuTw31qb3F7ylZFBjlj8nWq2e4p3sMVMHkYrSS5upik9yeGANInHespLc3jojpPsai22bRyO9cDtvfU77XjoYV1AbdyAOnauyDclqzilHTVFZXO4kDFaOPdmSvfYsws+4YAzmpcV1exUZNXVjp9IZUVpZXyEGfpUynpaJrry3Pqv9mT9tK9+F3w407wgPDcN/wDY3KR3TXhXzGmnYgEbcjmQDA3V3SU6jTXY8z2PtJSl89z0Xxl+3d4y0PWLaz/4R/RttxA0iKXlO0g45bPP5d6iMVJPV6DhShOSs7L7zzvxL+3N8Rjd6YyyWFlFJfQrJFaW6uXjLfMg3juMjNOCjf33dLV+ZtUw8YxvHdnF+KtetfGPxQ8Z6pb/ADw3Oo+ZG5BBwYoz0P1NaU5KdGPJtr+ZNf8AiO22i+5WPJvjD4hv9BnsLXTr2WzkkSSSV7eQo+3hVGRyB9+lvdPYytZLzPIrWa4jcBGJX0pk7Iv3sz26LMAVY8N7076FWbVmY13c+a2c5JqFuWo3GW/zPVWtqP4dCW4bc3rRawnLmZ9HfsOa5/Z3xKv7IsQt9YEgD+9HIpH6O1dlJ3pSXz+45pxTmpPQ/R3R7pnhUZB96w5epTSWppSOAeDUpdxrZn4sahL5JjCmp6XHqtGMgvMEAdaj1Go3uzt/hzpkOveJRZyr5ga3eQLk9ivP6mnzOLT8zehBSbb6Gz8V/BsnhG0stRtI1NrLN5Mm0k7GILLkHthWGfpXVKl7Vvl3OipJ0rRa0MbRPC0/jRY/KjaJ93+sIwq465rsy3LMRiJuMVp5nLicbQpq8nqfeP7K3iSy+F/wxOhX07PeJJJIBgsrF3JwmB06HB7k1147h7EYaXtFqvyPKp5hSxHuN+9+faxwH7Qnj/UoY7jTCv2OwvoWkRFBR7gZGVz6ZIBA7HnrXztZyhHmj6M9/CqO8j458S2MWowyywxiKVWJIx1PevOhVdGdqkj1ZZXXxFL2tGGhj+HLn7Dd/vDjB6V6EndJo8CUXTk4Nan1f8FPB9h46+FfxVs72aOGF9Kt2jlmwFjkX7Q6MSemGRa1pVIqvT5ldfozOtBvD8y1abf3WPk3U7FjbkfxL1xWM2qdaUVsjulHnpp2MEBkfjhhWlzz7O9je0q8eBVVutcFSPNO6PRo1ORWuaF7ep5CtwHFRTjLmsaVKnKuYtNIXsIpJo8oenFRKT5rLdHbB+5foR2eoJZ3zTKFww5FW7zp2ZEKkbs6zStHuvGNprSadaKws9Mm1K7YMFCwRbd7ZPX7y8U8NCc5qKetzGvKLh11OAs7s28kkJzwSMHtXXOFzgpzabiLK5kJzn2rnd4yudLtMj2hcbuahu8rlQQkipjIHNVCWtmZyb2J7B443DyOAPSnKTWi1NOVOKua39qxk/KwIrk5GtWdnOkvIo3c0FwCUbc3pWkVJaGM2palJwFXBHPrVtybMU1fQmtCMgk4rOV9jRS6GjcX4hsWUdxitKSbkjlrScVZHYeBLJkt4rwyQALcWsyRGZQzhJAxwM5yOv4V9JUy+uoxqpqxFFpU5t9juvFE51/XrOdeI4rYqpxwct2PfvXmtcrcTK6jG6epw/jWQaZqOjMeW81psAZx5ZQj9T+lYzWjUexppLlctrmn4E8Srf3WrXrHYss6nB7YjVRj/vnP1JrbDR9lh1B7kfFUk1sYfjnw7F4i1WacTOLkgAbjkEDsPT/9dU9ehi23uc4NATSYxHjfJ1Zj6+lHQnZHOeILgO4jB71K0Kb5tUYDwlST1FGxSbauS2qsuXxgVTelirKS1ByDzmpZEe57B+y1qJ0z4x+Hn3BRM8tufo0TEfqq124ePNeLM6yslc/TnQbnEcfPBFZydhr3o3N/fwcVgmwVuh+Kd9cGWQGpehurN3RVWZvWpYopXuej/Am/Ft4/ieZ8KbWZVJ9So/8Ar1nNqKuddD4met+PPFluLA2iGO4EhG5WUMBj2PFfUZThliZqpLZHFmOJ5I+zp7v8Dg7Hxp/ZM8axsEjzgjpj3FfpEKlPDxSifJeylXu5HYS/GldC0iZ12yuFxGpbO5+wx/npWWMx9GnRdSXToRQwLdRPY8t8RfFrXvGZibV9Tmu/swKwRuQFjB7AD6Dr6V+RV6iqzckrJ9D6tSkupT0QXOswXbwoZWhTe67sEj2z9D+VfPY9048vNpd2PveH8znRU4VHeLW3Q53UfmkWePoeuK2w8+VckjmzvBqU/rFPrudz4Kn8ca54Z1fStHSe70Kd4Fvoo3hUuYyXRfmIdsE5wM10yrUcO05Oze258TPE06cvY1pW66mXr+nXOjyfZ9QtLiwnIJEV3C0TH6BgM1wuTlJ2dz1Y16coXhJNeRx94oDbgOhr0obHG20xkd7tfnim4X2M1Nola5E9whb5l6AZpQg9mzapK5pJqe21eAyZUdFY9KcqMW+YI4iSXK9jNtob2aXMa78njkDP51XJdC9tZ+6ei+B/ED+Gbe+WNHTVL63e2RzIQBEy4ZSoOCGBOQfQVEcO5NSvZeWj+8irLmt2OT8XaZd6XJp19cIFOowfaAQ2See/1BB/Gn7RVZSS6FVI2at1M60vh1I3exrKpC6NactLslmug44XB9qhRS1ZvG99wiYNksayau9DdpWM6+kQSYDHH1rpprS5wOe6QxboohXkjpV21L53KOwtrdpA2cEe9KUXJaCjVa0NNJUuFG05PpXK4yidKtKxsabpXzq833Ou3Nc8p6WidFOm3qbk+mW1ynlvGNvYjtU06zjJPoFSnGSN7wd4Ym1HxDpMAheWwS5ikuXVcgRqwZgfTIGM+9fdUsdGphJuO6Wxwex5rxWx3lx42m8beK76ee1/s+zsgljZ22wIUiTJGVHAzuzge1fLYKDVNzk7yb1/yLqfFyRVorocH45/4mPxB021iKhYrPJKj+J2cf0WuhP42ttjmrSUbI5/4eWUuqWdzGpZLff5hcHkkgcfpmtYJyimY83NJpE2rXOq6M7r5P2nbwsx4yPpnrTt3YrK+pxWoeIL153MhCA9FqLJFyaexhTzs7hicmluLdEHms5wDU7jTcdiwZikQUVW+407FZmJ602JX3SO/wDgpetp/wARPDU46JqVuSScYBkUH+ddWFdqtn2f5CrJcqufqjoDlIYx3HGaiUe5lFe6dIkpByeRWT7DS0PxOCzzEIRzms3JJM1jBykdHpfgK81KyaeO5tkYAkRuzZP6YriljKUZcskzvhg5W5kyhJpdzYN5Uq7XDfeHI/A12RlFq8dTz7PmszsNOt5/7OXhsAcEmvpstzOhRi41HqY4nAVKnvRWhzeqXRF0F7jqTXpVsdGs0oPQ5I0pU1yy3M6+1F5WHJwvSvDx2IclyXOmEUkUxMd24nNeKXY7fwxe/wBn+E9aud2HcCNee+CP/Zx+VeLi4qrXpwse/gbwoNvq9Dm47gOMc1u4a6Hv+25qdpHtnwb+DPxF8R+GrjXvD80WmaZcORH9pumiNzs43ooRgRnIycZ5rOpWw3MoVldo/Js0x+DVdxqR5jQ8c6z4z8P6b/ZPjnSYrzT5CBFeSxqUJHTEifJn2ZcnmsKNDDTlz4eVn2OahDD17SwlSz7HnN14a0XX3VbeVtNmY8Djb+XT9RXY3Wov3tUd/t8Rh176ujldS8HXOhai1rflQ4G5TGfvDJwfUdK64VY1FeJ3U68a0bxLmh+Bb7VJR9htjcO33VZ1Tj/gRArsi1fXQuc+WN5E+o/D270+6eDUo5LST+4cH/x4Eg1Ts3eLugjNNaGppehBLe3jt7S6uxG23fFG0m45zglRinypq0SnNX1Z1EXhi7muRNJpDwNGv/Lyy27BfrIVPc1pT0fJzKxk5NrmgcZ471ibUoW0rMDQWEhMRicSbF7IrqxBUA4/4CPSvNVGNKrKcXv9zOuVRzjFPocLFPsPBrRq4otLctJcgjJNYzi2dMJMqzXzFzsJAq4xstSZTk3ZFczbnBPNX00FomS/aF2/d5qbFufQtadptzqkoWGP5R9524AqJTUFdjhTlUdo7HWWGhx2KjHzy92I/lXn1K3tNj0aVFRd5aluRHt061je+h0X5dSSz1FlYK/T3rNxcXdA7SWh02g+IrjRbtbi0lYHuB3FdNKtOm00YOGmiLA8TyjWLu7kHN04kc/7WAv8gK9KnKLVo6HDUi+Y5W913Pjm8vB8xREVOOvyKcfma6EuaDS6nNUs3dGx4duT4P0WCFwG2ruZSMEsf8j8qLtaIyULq6OW8ReNZL9234AycKvapsV1OKurjz5WfNBO5VJJai42iWEAAk9egoTLb+yNZ8mi7BO60GM2e9Nb2Lg7I6vwNdi31e0m7xzRuD6EOCP5Vvh/4sX5oiolODbZ+sGizloc9geAPSnLSTOeEfdTR0KSBkBHNZvzNIxckfitJeySSlycH2rnSVi3K8romh1i5tnYwyshI5wal04y3Rcas4apmjZ+IGZVS45HqaylTa1idNKqpv3jornxRHbabsR9xxxiuOnQn7S7OutW5IWuceZXuJmkY5J619bhoO1keFOTnqyCR+SDzzXFidKjQ1qNUd8cVyWKvctQXrmH7MSfK3bgueM1hOEVLn6nfRc9Etj1P4DfCj/ha/jeDT5pGg0i2QXN/Ko58oMBsU9mY8e3J7V5uKrewjdbvb/MzzfMlhcHo7SkfotYy6fo2lw2dtDHa2UEawwwqAqIijAAHsK+dc/tdT8UrVJTk22ch4qk+1WE62wtH3ceVdIXhk9mwf6H6UqbXN77sZwcqbvE+a9a+DWg+NdQvLbQZh4O8TW43zaRc/vLOVf78RXkL3yuev3a9mnj5UbKrrF9T6vDZpOlG9X3kvv/AOCeUeO/hvc+A9fsrS/1G0vtReMtLaWLNJtHHl8lQcsCeMZwPevawtVYnmdOPu9z6DA1/bxcrWXQsQ6BM2P7Z1O18NW4XIS6RnnI9ol+b88V1Tfs9lc9NXexu6V488C+EoGtjo9x4vPl7Yp9WIhiiOchkiUE4788+mKhuvO0o+6+o3FO/Nr+Rx/iL4raze3gK61dNGciKKCZoY4wTz8iYA/KtXGDvdavcbjreRyF/qxa4xcRky9mY7s+9Gn2diuVk9/aBPCTakGbzHvRahQMKFEe859+VotzE6Xscqr5PXmoLWu5Mz56UjR3i9BEiz1PHekzSPcY6hT8p4ov3E007o39B8PpcqLm6OIgMqg6t7n2rCrU5FZbndSo8zTexvC+ihCwWsYUdggrz2py1kdDSXuxNGAuIjkZbuawk/5TeNoLUryuWOHq15GT95vsM8hX6HFDk4spx0TbJ4HktnHPFDta63CNR3t0LsN6sx2MME/lTUnBpomShMxmFzo2rvOwUxvyrgcjjFetRq88b9Ty61Lk1RQ1zUbvUD8rMVPOM1vY5Yys9TmpoJYjmVSRmkXdbldlHbjNGuxNkMddop36Bpe44MFUCmNcrG7sHNJ3NNUrIaRnBxSWj1BJJanR+FgTNJsAD7Dj64rekm5pGU2nBpI/VXwleC502CZW3JNGsqn6jP8AWtKq/etGVN+4rHV28wKYwfwrJ2Z0avU/FjNYsnl1aQsa5fk8Uhpo6CCy0s2fmEzNOo5UsAv8v61tGzVrGLbTMiZg7HbwB0Fa2RpdtXY+GUgEegroozkndMzbIfvsa4qsuabbNk7ly0s5bySOKGJ5ZXIVURcsSegArIh7XPbPDX7H3jrXba2mkl0vTnmUMLe5mdpVz2bahC/nVuVCGtR6eWv6oz9tOne6sl5nufwm8Jp+zxBcaRq09re61qkwlf7IchY0TCjJAJGSfz9q+WzLlqyU6T0Pic4xMsZVTWyR2N3rUt/mWRiS35AeleQ+zZ85y2d7HH+J73UNCzrGllrgKu26sCfkuE65H91xzg9+hoUYVJcslbzOiEov3Jrc5/Xbyy1vTtM1+wvY7WdSXsp7iQRGM/xhyf4V5yPXjvXs4LCOfNCqtEe5gsunUk3Ne6jyPVfGcWmG5h8NvPJf3Rb7f4ku8faZyc7hCDny0Pr9457Yr6WCcY8iVl2/zPsIU4Q0gZnjbwn4f0fwB4Z1vS9UkvtSvf3WpWs0yP5cpQliFABADIwGe2OtXTlzcyatbbzLvZ2WzOIttVWEAy2lrOo6CaIOPpg0czWiY2rmbLqIF6ZlghXMm/YqAJ1zgDsPapeu5cUnZGvqd3FqF2ZpQAcALsH3OO1RG6jYaetkXfExm0z4d+HbZZCYL66u7tkB7oUjBI/PFPZuz7DXRSOCIweOlANj45MZyKllQdtiZTv+tBonbUdDCs1wqDqTQ9NSotyehvPdtvS1hyWPy8VxKN7yZ3SqNe4a9pHHZpt+9Ietc8nzbGsFy6svm+jgjCngnvXPyt6o6YyityD7RFK3X2pWa1Ibu21sOX5fuHNCfWRLsyYOSMtwalt30LSilYUgcEdau8b2IcEtUPaTzBskwyDrWvNyJWDkurSRnyaA08rG1lGSCQrnHNd8MTFpKSPKqUJJ3hsWhoE9vo0gvLe3uJZCSqvgso9j2/8A1V2KpC/LFnK1ZHIXmlKr7SjQkdiOKbFd2Mya1aKT5hlfUdKPNGsXFIrycnA6dqkh7jW5+tO5o9HzDd1JbibvudN4SKm7+bgFSDjrWylZqwNxuj9O/hteef4U0ZiVIayhYFehygNdNV885STOaim46HcW8vI5xXNHRG6TW5+MgyO1Y7iT5RYnKycc+1CJdky/CiPne+z2pp23K5d2hggLuSnIFUp2KihjI/pzWvtPdtchq7sPsYllnRHbbuIGfSuZvqWotXPYvh+1joOo2sqIuUcEuMbyO/NN/DqQpNXPZfD3x5ksfFWnaREoVbmRvNkkP8ARjx+Wfwrix1NrDua0stDx8xhKdGTTskc7oeuS+JfHXiDX7yUzSiUQw5OQqZYcfgo/76PrXhVY/u40+h8zUpunBJbPc9Ii1NZIEbPXj6VwKKWljyJxsNk1OCwSVr0f6IqNJIW6BAMk/lW1GlKrL3UdWGwv1iol0Pmz4h+NV8Taqv2O0FjplsvlWtoHLFVySWY93Ykk/l7n7anFU6aT3P0KEFFKy2OJuL+d8hThffrVcy6o1SSNW6uBdfDq5Zpf9ItLoBYyM/IxXkH6s35Vm5WnZdR26nDm4LeuPSi40rolgjLguVyKauVpEc0jSNjsOlO3QS01Nzxrcxf2f4dtI23PBpqtIM52u8jsw+vT8xUx66DUZPVnIHoeKTDoMAKnmgRIZMcUi07MuaXIPtW887QSM1nP4bG1Ntao3tNuY4FaYDMrcc1zzV48iO6nFc3NI1bVRH+9lPznnGelcklb3UbtxTuyneX6SSEDGParUJdTKTSVkRJc7TyOKfKQpJl2K+Kj5cVi6dzVz93lRZS8MoHHPpU2cdEdClFJXJllJFYtOOolLmukOU7Rk8ZrRyu9Ai27omtpv3gI7d6I2u7mfLyyTvoblvaWeoXUD3cQnRSCyZwGHoa6aVeVJ2iFSgpx1Mn4gaYZtQkudM06C0siBiG2TaBgegrro1ea6nLU8upRcI6I4GW8JUo8ajHtiu2SsjNKHUptayXCSSwx5CDLAdh61KQp2bRROQeetGuwnpoxufnp9AtdHU+CmxqkJYZ56VcbJqxSi2fpB8HLkP4G8Onnb9ggUE9wIwB/KuqtJqbutTNQ3iel2zjcOcVzK7Bc1j8bTWAXXQks3jF0nmghAeSKfTQi2tixevG7lkYYqVfqbLRDrKZHQozbWzwaHob2T1NSz0Nr1v3Uu7HUAVLqKOjRhJ21sZ09uPtLrErs8bEMAPQ81XqPzR0Wna1FEibzJuH8K960vcxaZZl8byLd2kxt1WW2ZvLYnkKykEfrU1Y89NwuY1aaqQ5Wd/8ADrxChW76HzXD+44x/SvmcTBpq581i6MlZdD0jRPEkEX2i3u5BEmPMjdj+Y/kfzrnnCTacUeRUw8qrXKYXjzVLrX/AIe3t7ZNLJaDUUtZsDGIRGXOfqxi/MCvocHRVGVpb2ufXYXBRwsI33Z4mkmjy3Ki/wBQkt4ASWMEe9+Ow7Cu/wCVz0tRuoXHh8Mn9n/bHjI+Zrpl3E/gOKrmv0sTY1LCw0jVfDur29rcXUN8sX2hUmCtFIqkEjIAII656Vgm1NOWxaTcW+xwc2lXILeXG0uOTsGSBWrSQ1K2xBDcyR5TkY4x0xRZ7laStcuOzWkCySRna/K+hoab3BtJuxk3E0lxMXYkse9LoOLsKCSucUiba2YKN3Wky0lYRl2nB6Uk7lNcpJbk7uOM0PsVC+5raNKEmbzOdvIFYVU+XQ6YSdyxqGrlmOCR2rOFK+4TnbUyDeOX3V0qKRi5N+8i/DqinarD86y9lqPnNG3mjk5Xg+9c04yT0NYzdi0jhPaos2bc1yzHOD3rBwaNOa2z0LSH5fvZFL3WXzKzsTwQlmyOKhtLcrlbia9qwgAG7FNyTehtG/LZlg6p5YILZx60l7uq6l8yvZnOeINBtdTjaaACO4IyQOjV3wryh8Tujza2GjOXNA4+5i+xQooykwJDCu/mUvh2OL+GtUUnsjLA0qkBhyV9q1toYpc25QxtNLQbtY6Twac6pEPcVWl1cW6v2P0V+CU6P4D0ID+G2WPjtt+X+ldNeV5WWxjrc9Rt2wVAGfesk1ZtmkXbdn47AZHXFc5FhrLsOc5phuNyT3pOxrFcyJbdkTJbPtigu5vaTq7WdxbgHbAXBY98Z5qHHTm6kpq+rNXxVFHp3iGae1P7ucCX5TnBOc/yqW/a0433N6LsmYd3OXKy8DPXFXFWVjGq2pXSK00hcck5x3q0jJu6sjb8E+IP7K1IJISI3BUH0Nclej7SOm5w4ii6sdDvLrVbnxFZ7bESRiI7p5SOAmeDntn09q6cPhoxXPMuhho0V7urFvvFVxqXw91nwnYzgN5/9oTKo+e5CqvAz6eWDge1aKN6vP8AKx0yXNFPseMeYW6dMUnow1HrIyj71IEdF4W1ZbfUoTJu8t1eGQL1KspUj9c/hSklLRjtuZn9oXNhcv5crKwOCQcZq5xXUF5jTe+bJ5kgDMepoXZA99DX8RalbX3h/TI4bGK2liLLJKmMyemeKSvzO7Dls3Y5fft4o3Ks2tAWRiNo5WkkK3ckWkyo2JCgdeD0qLM2ck1cbC3luCRkU2iYztuWbeYLNwcZqXqtToT10G3RLNmiOhlUvLQhQcihhDTRkhQZAAwaSLcUydJGi5zgU9x3sWotRyMdvrWXs7bA7S94sC9PUHisuTVo05tFYt2+pMCATxWao9TTnjfRGnHqoVODz9a5nFXOmE7bEkd8XOd+KfLrcXtGtC7G/mx8EE1DlbSxb12K0kzwNg5GacY8+pXPyOxm6zpg1CEPF/rh+orrozcXrscNWHOnymdbac9om6f5Bjoa9O6a0PLal1NLX/huIdEXWdH1ay1q2WIS3UVq2JLbPXchO7A75AqW09DVRb1Zj+DiyapHjnB6Y61qlzPUFFxVuh+hnwXkI8J6YoIO2Mqceu45rdpPcys03dWPVrZ/mHNZtK5V+XY/H/HPH4VzoiStYjZS7+gobsEU3sSJamVgqqSTRpuVBSbsi3/ZxhTLAk+gp77GiirXuPtA5cIkRdv7uM0+VoFeLZtWqi6ZIGb7NIeAJl4Ppipb5VqSotO5d1XwxeWGmS3bxQXNsuN7RE70B/ixjpnHeiMlJ2THKL3ZyTMFYgj6GhkK2zLui2v2q+RAM8/nVIfLo2dXq/i+RNPGjWJFtYId05QYe4f/AGj/AHR0Aq78ru9zNrm0RylvrNxYaql7BIY5o23K39D7H0qZO5ajYz7+VJruWSOMRJIxYIvRc84FJ3erEtNyvUAy/oaeZqMIBOAwNWtBPuS+IFVNWuFQnGQfm65wM/rQ9bME2kZx4+lU+yH5l+4cPpMK7cMpPzfnUdwbdzLA6kYpFX7EtqwEo3dOlAmxtypgnbHTsafQFZokWfaAQAfU1JUZcug8bZfmBGfSk9GbJXGKuDTKvZpEucjnOKiwJ2vcaBsf1FN9kK/YspEpctUt22NFFXuR3TYXaDyaauTK1tBtkod/LYhHP3c96ipJxXMjswtFYiXs72fQmkLQsVcEGphKM1zIzrU50JOE1Zjln+Xg8+9W42MYzTuhyXD+tLkizPmkpE8N88bdT+NZuKsdPNrY0rLWdpGeK550nfQ2hNN2NF75blQN2TURg4vY0lZ6jIZ2jb2rRPRpCbUtSPVrc6jCGjb96gPy54IrWlU5dJHHUgovmRzsMk9pKWR3hfBXKkqcHqDjsfSu691Yws2rsm8O5g1qHdkDdxW1NRsZX5vU/QT4IyE+DtLLckqSeMc5NbVJRdrA57tHrsMnTsKxT15yUuY/Js+GtTVwDp9zg91jLA/iMisXor3JirvXoalv4JvWVWmtpISR0ZSD+RrLnvfyLS5XoJBpbx3KxRQkkHbyOtNPTU2jd3UVqdTp/g+/vo9q2h2sOu3NS5cvUhxcn72h0ej/AA51GxG423mA8HA6VnLVpKRqko7rctX/AMObnWLR4PsL7zyjBCSjdiOM1p7SMd2ZuFo8y1Or+Ffws1u3t5ovENrGsR4SNmDnHfOO3Tg1yVqyg17J+pqk5wSkvQ5H9pD4V2Hhax07WtLtYLMNIbe4ht0CIQRlXCgYBzkHHXI+tdeHqe2TTd3uc048r20PHNDv30k/aoyPM6AEZGK1tcTd1ynU2NjoeqWj6ve3TKyljNbwgbuB0we565rX2jeltSJQlumcCxxI2AQCTjd1x71D8y93qLNHm3Eg7Haaa10JbZVDkg4HNS1ZgtWdJ4F0e51jWBHbBAyoWJkOAPyFKpKEY+8xuHYytXinj1O685dsnmNkenPSq2VtwctLFQDdTXZju2jon0S4bwU2qeUDbpMId24dfp+IH4ildc3KtxP3jl1OD7UrA7jxxgg0ieuqLF0pliSU4I6GqVuoJ9CoQU9SKkpajVk2NgGm9Sm25aFqGYMQD1qGrbG0Gpat6lsoNnvUN6m7SaI2Hy5PGOlUZKyHiYAAUWbE5pLzIZpEifJIduvtVGUmytLdmafceWPpTsrWJjNwtJPUlu75pXGSeBWMKahsdtbEzxD5pMiS6J681o1qc8e7J4JnlbCAkntRy3C/UlE2Tzxik1bQtNMlSQN9aiS1N01YsRXLxt14qZRutBxbbNKC6DxctyfWuZpxd1sb6PQX7aYQWzTS5tBaNq4aF5Oo63DFcwtPbzNskCHDKp6sPcDJr0KXuI5K75dYl59B/s2+Kxt56xSHZLjBZe2R61UZcz00uY9OY+1vgTeFvh/pRbAZQy8f7xz+taVVytK5ioptnr9vciSLduyR2rK7SNopP4Uf/9k=', '737542207', 'barcode', 1, NULL, 1, 0, '2018-08-08 04:01:41', '2018-08-18 19:01:01'),
(3, 0, 0, 0, 0, '1034', '', 'john kerrylon', 'male', '25', 'johnkerrylon@gmail.com', '987654322', 'sdqwwerwrt wesdfs', 'photo', '780971107', 'barcode', 0, NULL, 1, 0, '2018-08-08 05:51:13', '2018-08-08 11:23:41'),
(4, 0, 0, 0, 0, '111', '', 'Jasi aloved', 'female', '23', 'jessy@yahoo.com', '987654323', 'qwerty addresss', 'photo', '744569287', 'barcode', 0, NULL, 0, 0, '2018-08-08 06:02:42', '2018-08-09 12:02:55'),
(5, 0, 0, 0, 0, '34', '', 'sssss', 'female', '45', 'sss@gmail.com', '987654324', 'asd', 'photo1', '711562107', 'barcode1', 0, NULL, 2, 0, '2018-08-08 06:04:34', '2018-08-09 12:02:52'),
(6, 7, 2, 15, 3, '20018', 'abccc', 'robert alderson', 'male', '25', 'robert.alderson@gmail.com', '987654321', 'winterhell', 'haini', '797727957', 'qwertyui', 2, NULL, 1, 0, '2018-08-14 06:36:29', '2018-08-16 06:12:58');
INSERT INTO `vs_voters` (`id`, `county_id`, `district_id`, `precinct_id`, `polling_placeID`, `center_code`, `center_address`, `voter_name`, `voter_gender`, `voter_age`, `voter_email`, `voter_contactNO`, `voter_address`, `voter_photo`, `voter_uniqueID`, `voter_barcode`, `voter_verifyStatus`, `voter_ballotNO`, `voter_status`, `voter_role`, `created_at`, `updated_at`) VALUES
(8, 7, 2, 15, 3, '20194', 'aaazaaxc', 'Jenny ', 'female', '23', 'jenny@gmail.com', '987654322', 'asdadsad vv', 'data:image/jpeg;base64,/9j/4AAQSkZJRgABAQAAAQABAAD/2wBDAAMCAgMCAgMDAwMEAwMEBQgFBQQEBQoHBwYIDAoMDAsKCwsNDhIQDQ4RDgsLEBYQERMUFRUVDA8XGBYUGBIUFRT/2wBDAQMEBAUEBQkFBQkUDQsNFBQUFBQUFBQUFBQUFBQUFBQUFBQUFBQUFBQUFBQUFBQUFBQUFBQUFBQUFBQUFBQUFBT/wAARCADwAUADAREAAhEBAxEB/8QAHwAAAQUBAQEBAQEAAAAAAAAAAAECAwQFBgcICQoL/8QAtRAAAgEDAwIEAwUFBAQAAAF9AQIDAAQRBRIhMUEGE1FhByJxFDKBkaEII0KxwRVS0fAkM2JyggkKFhcYGRolJicoKSo0NTY3ODk6Q0RFRkdISUpTVFVWV1hZWmNkZWZnaGlqc3R1dnd4eXqDhIWGh4iJipKTlJWWl5iZmqKjpKWmp6ipqrKztLW2t7i5usLDxMXGx8jJytLT1NXW19jZ2uHi4+Tl5ufo6erx8vP09fb3+Pn6/8QAHwEAAwEBAQEBAQEBAQAAAAAAAAECAwQFBgcICQoL/8QAtREAAgECBAQDBAcFBAQAAQJ3AAECAxEEBSExBhJBUQdhcRMiMoEIFEKRobHBCSMzUvAVYnLRChYkNOEl8RcYGRomJygpKjU2Nzg5OkNERUZHSElKU1RVVldYWVpjZGVmZ2hpanN0dXZ3eHl6goOEhYaHiImKkpOUlZaXmJmaoqOkpaanqKmqsrO0tba3uLm6wsPExcbHyMnK0tPU1dbX2Nna4uPk5ebn6Onq8vP09fb3+Pn6/9oADAMBAAIRAxEAPwD2v4GWq6lrVhASq73VTntXkOlzS5V1PZlOUYtn3DZWkdjbRwxKFRBjivSp040o8sUeRKTk7snrUk8J/aN8GxXVvHqUUYWRlKsQOp/z/WvQpwVejKL3RtCs17h8X+I9I/0iXAIB52+leLKCjLRnoxqXVupy8tj5XDZB7CpjJttijdlCazYEnGe+DUqPVsanzEP2aQjG38qLK/usHZast2aeS+cc+9atRluYyTuaU1tvUNnbWq2Mk3syqLDL48zFOLVrJFKVvi1uXUgKBRng1EfI0jbVD2SMEAnJFON0nclmhZwRyDC5XvTinYznUa0NKwQJKRxilLXcn2l9GjVjuVHAGapWSsib8vqX4JVkX7tbxaiiN9ieGZYyc0Ncz0NU2ldDZLsg54HsKUo6WJ5m1cs2V/jk/nWa8g52jsvCfid7G7Qg8qRjtXdS09DKbur9T6M0Px2bnT42J52jk16H1dS1OBvU85+KniY3kWNwxnpSmnCNkb0VZ8zZ4vf3hlVlPfvXE4t6o3U22cneW5kmOeaykuTQrm6EDW4SM8dahXtY2UjHvLFt2U79qyi3Z8w3JtblVLMhsFRuqErsG302LMduLcZZhk9qlxbi2RCVnZFWa1iupCc804QcFdG3PzKxGLaOJjjnFW4y5fIcpNuyM68yC2Bj6VKila5KlLVNnP6gfMUjBFROC3N4Oy1LPw90177xJbMU+RJQR7n/ADzSUU2mVU5bWZ9reFNPWKwXC4BFdUlfY5ZSb6nX2FuqMKLXVrGbcrWOgtYwTzU20JUmacSYA9KWxTdyx5YIyRU26EqTWhBKBjirSSZV2fC/w98eNodxBKpwVOeDXFCKjNHU2rPU+w/h1+0DYa1BDb30g3kACQnn8a9BKNTbc4JRaeh6j/wlum+Xv+0Lj61aw82YOdtzyD4x/EWyvrN7ONgyp0Oe9dqSw9J92EJXdz5Q1+7RpnKkEZOM148/fex2K9lbc4/Uis5O0cn0rnioq9kdHNyxvcxrgPt2gbSOue9OHnqTFopokqy9yapxvqtDS9tGXAvIyefSpStqyr6eZOrl1x0rrjJWv0OWXMncI4mMgI4xWUmmXGOmpcG4twpyPWojHohSd0NEReQnBH0py0VzKLfTY07BdoIxk043bLny6F0RHOQQpqmmhSaWxYizgHg0OPUba0uaUExC4AxinFGcrc2hKG385wRWqlYhyvoK4PB6ilN30NE7JK4A7Tyc+wpqKCTVjY0S5xcDJwK3py1skYM9f0DWlXT0QnkD1r14Sko3OSULy0OU8dap5kZA5we9KcpW1RrFW6nFW8jTjBXJ9a4HKLNYtIo30flTc96xn72w1LUyrqSQ7lA4rKUtLLcq93dmftYPls5PSk20i29LCGIq+cFves1Ja3BPdIrXce8gEHNSlzLUV3HVEKoqNgDPHetF7sS1dRTXUiaMZO09ahtyVjRNt2kVJoxhsjAFZSfIrscrL4Dl9YmSLPemk3sOEuh13witPP1a12qcGQEn2zzVp2aNnGUbts+yPD9vtsowB24rbS5xSv8AEdJaxdDgUX5R301Ne3UKtK5j1L8J4PFJjRP26UgIJMYxQr3NEz8utM1TayFXxmuZO2p1xaaaOz0TxbNpl1G8cpDKeMNgVtFOPvowlNVFbY9z0b4oTXtigJwdvPtXqUlJxucTSSdmcb438UvKwbecHOawr88r30RpTimtGcDeaxHcc7ua8xNnTyWM6eQlgQeKqNrFp8q94qvcEN93I71KjyqwlyvXuWYzHMAMYPrTT11L2Xu7iSiNEIA+b1NXpLRkPnWrYtq5zjANWo2Rk221cu+TxuxzWMrRN4dW9xu5lfK8mmmrGU4NuyHR7iSe1OyBSUb6F2H5SMd+KF7pE/eXMO+fzvvbq0cr6lxel2aEDonynIqLu+pE1d3RYjYlsdRVp2IaaRaiTDgjd7iqbb0ILhXKEdBSY0rkKJlzyGPrSewJPqamnlY5M7eR3pqT0KasrncaFeRyQbS2B/KvboVvd1OKpe+hX8Q26yWrFX3Y5q6tVNXHDWRzunRDYTnjpivId3I3ktkU9UCiXkHFKSsiraGXcQKqggc1gzSSsZ1ym37q8+tTe5O25HHvPBFVtsPlt8yG4jYP93K+uKNGjWSTSRQkgZ2JJ/Ki9lZk8th0VsqrwD75qeugKUou7KF7DksC2BUSUug1KxyGs25wQCPqaS8zbmcI7HqvwWsgl3anHzbcMR71rTspXaFJtWPrPSIMWsYxjArbmbZlsbsEO1OKRDldl+JeAPSktDPqXYSMY70lcrl1Jz0zQVcqSHFFhrU/IbT9TkXbhjWWnU6kuW7R0VlqjLtYsM04z0OaSabR6x4I8RiSyCsQxFd+HdtLnPViorUk8V3q3FsxAwwPFa14N3LpWijhzIr/ADB8EGvFu47o6377ViXziy/MwqJLlXMhuUZOyEjdSeWyK1UrrYTinGyRpQEBcgDBo5E5XbL20ZLMikDqR7VpGnK1zF6p2JLCFGOByc96cm1uEXdXNGVDFjNRJX3BOXQYjq5xtFQopKzBO2rYsyJHtIGMdcU9b+Rm22myMXBVwFXg9OK0jHsZtlyGRnfLAAUPsawt1JWLDPHXoabWo7Xej0JbUvu61TkrWM22tzXiYtHj+Kps1qKxJ8zL3+lNtdCSKONo2z2qXL7Iywzyht8f4g1S1Htubnh64k3EZIP1rsoSMpR6nQ3hLQFW7iumclYUFZmPpNp++cFwRngVzayYSfQsarpoJDKAcVnVhKO5vTV1qY01mMEHOK5Nzpasrme9gNxwCc+tD01Oe+mpFJahSMr+NNWZL0Kd5Cyk7RQrMa97dlVISSSQKUtB3VkQSKysRgjPpUpWdyt1dGbd2ZZC2ST3GKcpWYk7bnJ6xH+9HHy5rKep18yirHp/wX1qGfXo7IqqygZXB646git6Ueaz7GE+x9d6RGDbRkdxW1jJtLc2kiIUVNiPUsxqeKrqNMsxAelIGSM3A7Ur22BFaUcn2ouWrs/GGw1ABRluawer0Oq6S1Ni21BjtO7JqdUyJ2abO48Fa0YJ9pb73bNdNOfK9DknC61O41G7F1ARuzkV3qTceZmag29DimkEM7fP0PTNedOCk79zv5rxutyykuSDuz+NctRSTsYqXKrWLdvgEljn2q+bT3RN9UasbfuwAQPYVCfvWOmnO6vItQkAfO2RXVGpaNhKKUbo0NNjjknGCBWmjV3uZSfKrI3LjTAUB61EqcupjGo0ystmig+vtXNOndotLRsLi3VY8gZHvVyTbuiUr6NmY8irINq+1axb2KiraMtRMJBkjaBTbJba91kyylV29ay1YLfQs2YYNk4INFtbMmV7mwjKqLhc1S8ydWPLbhnkUO5QobaMEA0O1hpXdiPkfLz1pxaY5K6ui/o5MVwCSRW8J8uxnLVHTtIZE68YrqTXKZ221F0K0ae+CADJrBzUWaRjHeTOm1XQpIoAcDBqZVOdWZ0UlFr3XqcvcWCoSB19q5Jq/obOL2ZSexG0nkYrNydrIh7GfcW6ov3c5q4u+5z7uxkX8lrF8v22CCT0n3Kv4tggfjVpXuaRXMyrKk1tGsrxq1vJ9yeJg8bfRhxUuyfLImSs9NjT0zTIZbd55vnGMBaxcnez0NYpRdjntXtFgMpiY7OwbtSU5XsU4ximzz/VXzqEERGSzgAA9ea1td2NKequejfCPwPd23xKg1dZc2P2VojFkDEhZcHH0zW2Hbpxku5nVqc1rdD7N0qEC3Qe1a3Zytt6msq4wKm6HbQlUetK9haLYmUbDiluG4rjHSm+5VyCXj60rgnqfhzpmrpMow3PWsFJX5QUnc6K3vlkC4YDjtVNdSlpqdDod/8AZriOTzABkd6VOT5r20K5ouXkemWl99qtQQ3GO1evz+7ojJyjd8pzOoq0V0Sx4zmues+Zqxa11LFneq/y8HFck0loS1dmtHKrnBbafestjdQsuU0LWQD+IfWspPk+FG9OEYu8makaK4Hzc1Cbeh0euxa05wJ1Gec9q6Iy5FqRKCO/t7Nnsw5JIx6V6EaknHVaHmzavoVTaRt3Oa5JR7Be25UurYqhx83FZp26E9Tn7ggPgL81aRdmF+qLEHK4ZcfhVSu1oHMy2pxnaPzrBp3Vw1TLVsjZHHFXdDknuzRiJVuBnPr2oWpLJPnZgBQx2RMUIT6UXCxWKsz53DJpoN0XrBCkoJPPvWsdSXodJar5o27sCuta6IiyudN4R0syarEQMknAqV7sveRTStoex6j4FnuNK3+VnC5yBVVGpK1hQsjy3VvDjWsjh1Kke1ee00z0oyT0Zy15EI87Rk1LWtmYVGk7Iw76MiNsABiKuUdDBe87Hl/i2C4S43sH2NyCDwDXO5W92JpCTgzj4L7UdEuTc2FxJbfNl9vKSezr0P41oqra5ZalNRk7x0Z2eg/EaDVkNrIEsr/sgz5cw/2T2PsfwpWT22Ka01Q4au+r6m8ckYhtUG0BiASe5Oe/tRGCetxT92CaNa28K6BLdwzuWmnXkZk6H1wMUouTTURc6as9z1HwRob6f41SPaUiNsGC4x/EOfyrailDm11FNXimj6L0uDESDHatEzBu5o+XyOKljHCPGD60XH0FbJOOtLYVgfJFMpIrzHC+tS9yklqfgBFcvbjKkrj3rNRTfMZq/Q6DS/EZRlWQ/KO9W1cSfRnY6dqCyorI4fPb0pRVmbQnGKfMejeHtXCQL8x5HSvTp8rg79DnnbmJdUvVkALZ59K5Zyu7pG0HbfYjtLiMtlc7uwNcrfM9SpSjI1oXDEE96ze90EGzSsrpfu4PB60pXaO1RTN20nBVepNZyTWx2J3Vmb+jaeZ51dUJGeKpuxjN2VkfRvgj4c/234eSSO2n5XGQvQ16FKE5xu5Hj1aj5ttDkfE3gybRLyWFoWUqf4lwaxnFwerJTUjjr+0aJWyOai99EaW925zN0D5+dvT1ptNaon0LVviSFsrg/Snp0FqtyPc5G0dPak0iru9y9ZhxjIJPoal23Y5Su9S7E7M5HQU1oiW+pZUlSD39TT31C9ncWSVZGwD9aeqLbtYb5YQqSQQaiM29DO9yzE6NMoP0zWkXrqNrQ7TQrGORk+YGu6Eu5k5OJ7b8MPCNtfahHLIARF82MVnPR8yErvc9tESBNoUbcYxXNd3uaJJHAfEzwzanTGu441STPIFX8Sdx3sfOOswmKeTIxzWI3qc7dQs4IAyT3ovoNPld0c9qehS6ipg8rzVc4GPvVnKy3NYyXU4LXvDzaZLd2To6fwlZRtZT6+9YJXb5ujNUop+ZzVz4dtordGDZkXkMOMH2q5SkneIlOzd+hsadctPahJfnlTpJ3Ye/qaq7+ImSbXumj4MLXficRBuFHmNuPACkf4irUny3exEoOyR9FeEL8ah4ss3Miy5smG5enytHjp9a3i1Lma8v1KvemrHvelx4hB9qt6o5y1JjrWdrjvYarcU9geohbnIoKVhrEg8mgrRFaZuvFS7i0R+C9zpG04C8/lVKLautjO5my27QNyelTbqBe03VJbRl2kjj7p6VV2tRHpnhLxKlxbhW+WQdV/wrT3rWG/eZ0tzP56ByccZqoxumUnZMoQ3RjfcPX1rnemxUbPRm5a6sUABYn1rJu/xINEzZsNT34K9D6VbirDhUanqdRpt0mVLDIPesHeUju+sq2h7x8CtEtde8QWltP8scjqoJ9yK1UFOVmYVKraufeelaRa6NYxWtrCscUYwAB1rW/Y4zkfil4MtNb0Wa7ESrcwrncBjcK2pr2vuP5Gcnyao+RPGVk9o8imPABODXO6fJLU1vfQ83u0fzc5xzUK70sTZXLFsnmx/Kea1ppJcoOST1FjtSjcnms5XWw99S1GmW+8cj0qUluJt2LcNuVG7BIqlJB5FhgGGAOMUbFWHC22DNF+g7O1yNid+NufepaUnoJF63iXhthz6Vd7bluDirs6rRJHjZDggA966YzurMxbb1Pb/hr4pi0q4HmnAYYNUkmrGbbTPaIdTt7i3EyOChGc5rJ02nYPaI8q+KHjLzGNpGQFTtmiVorlQ1LmPD9Una6LEsAM9RXPpHc1MK4mETbRz71XMir9ynN90sW49qnqV6HN+JbCTVQ7pIXmwcNJ8xzj1qZxcrj5+XY8zvbK808lLiNgOzdQfxrD7Vma8vOrrcXRBIGdlQ7R/FVytOPusizjuzvfgtpH9qeL7lmXcoiIYY65I5/T9a2UU4cpTnaOp7T4A8FTeHvF022bfZQxGGFTywBZSMn2C4p042u3uRJrlPoOwi2W6/StmzBCypnv8AhQi9hmCo9zSZOgMcikxrYZIRQkBSuJdjYx1oHY/FjV9H8qXp7VvGolG1ibaHN6lo4MZI49Kxs29BLzMI2hifJqp78qG7vY0NLd4pRgkfSiMpJWTM27Hd2Gu7YlimJYf3vSumEFKLs7MTly7lqOYStlSGGe1c0+a/vGqd9i6kpXoa5JXb0KTVrGxpc7q2A+B7Vav1G2rbanTWV5JGy7nG2nF3dxpxXqes/DzxY2kXELrKUIIIbNVFu9xPbU+zPht8e/7UtIrXUAksyqAJQ2C31rpio1NTllJw2Nzx18R0m0t4YiERxhsHJNWkqfw7kJymz518aTpdK5yTnJ5rkk3uzrTXU8nvZVV2UjJFRJ3VxXLOifO7DZnPSnTt1ZDjfUu3ELiQjZg05K/UsfbxEgk4U/SpVrhsXo0Lpgce4rGUbydietyykSxpgnmqUnLRFXHPGSobj0qlZ6IQsUYyQRk/Sh6e8V0L8FsAAWOKrfULmpZOFYKCeKuLEdLZXhgAO/k10NKyZj8eh6H4d8XTjThFktgdc1vFKavcxdouxwXi/UGlv3d8ktzXJUVnodMbWucxJKZBjGFrF+o0+pRniG7IGah23HuVXhO0l+npVOxTZnyxMwcIAMd6S01uO2pkTRhSQwznqDRbqBiaqFWFz0rP2cVqUlrY9A/ZlsEvL+/uFU7t2wk9f89TW0ZWi0S27n0RpumImsuccnrShoKTud1Au2MelbPUlDZfXpSKIWoI1uNPQ0DV7kTHJosU9ircYx04qb6gmfj5q0KvJuC7fQ0JE6nO39mJYztxWsZKIPezRhXGlZkGF5AoaerQX0IIrDyps/rioWj1Jmro2ILYsmOfrWkmk7owUWpDJpJrOQFCSp6+lU1zrTobR3sXNP12KZ9kpMb/AKVyyTjqjQ6C0uyApU/Ke4NK2t7lXR0FlfIygMeR+tKKbVybnZ+GtUPmcEADinK/2Stj1nwX4gks76Eo+Gzj2NawnfR6ClZnuMl9Jf6YjOwLYzWrSetznSUZHDeL5RDbFs89DXO1Z6nQtdjy+dTJMWzmspvQtRszoPCtq818qKC3sBRGSbXMEoJxudPrOjG1kUlWG4VpO1tDGKa1ZkR2rB8EYrKSa2LfdFuNfLXCjJpK0VqRza2FeOQr8igfWm6i2Fclit5GAyB9ad7MsuxW4jyT941L95XAvwWzMq56VcXZWF6FtECHAUZpptuw/Uux7kGWatUyX3Og0W9fyiAcGrSbehjNK9zK8QE+duY5NKSsaJqWiMKT5gSQR7Vg0rAroruxUjauaUdtSyvMuRj+I9qHJXsG2pVaMhuAMehpeSGpOWpm3cA3naozVyslqM5jWrciNzuyx7VNlJaFxlyyvI9k/ZT0dobK6kcZMkzkE/56cY/CtnycnukVWm7rZnvsFj5eqO2OtZxViDoUUbOelaDRFKuTQtAK7jDdeKAd2RNwaQ0yJzyeau490VZjUeY15n496pdxwTCJ3CuecnvWnK3HmjsTzalF49wyMMpqYpN2Bu7HW+m+aDuU/Wi9tgt0GyaAFOQMA1o+Zu7E0adtoLvEpCduuKnrqZr4tB9/4VlaIMq5A61oo2vYHdvU5K/8MzwTcqQOuaybshqzZm/ar3S328tGOmal2auNI1NO8XrAwEwIJ/i7VKjfYe2p6B4U8QwXBJWQHH3iD0pSvDVjb7HouheIUjmTL/L2pRaktCt0fQ2j+K430a2O7zCUAYjnnHNbQUUtWZPV7FPxJIL+y8xAWwcEAfrWO8rGkXZHHQ6Y89yF2nB46VE4tm8XFI9U+F/w41DWdRjFrEXxgsSMACoppqasZTld6Hsvif4KXEmlmUfvJoxkhcV31HzqxjZo8N13w/Jp87IyncO3SuPmtuWtVcw1tvLbPP0qZSS2Ka7EqDJwwAFSrJXZmn0LaRbBheBVRlpqik7jzNBaxNLMyqqjJLHpTUmweiLGma3Y6kh+zXMUpXqqMCR7kda0cZJ6oiMk1oWDqdmrSEzxDyxl8uBtHv6UKL3G5JaM5HW/jLoWlzz29vJ/aE8Q+YQsNgPfLc4x64rqp4dtOTdjn9sr2tucGf2sxZXrxWumQTJ0DCcsAfrhcj3A/OumnRg9GwqylFbIxPEP7YF7FeCR9HsY7VcEwiSSV5DnoJPkVfqRge9PEYeMYXhdmfNK94/db/gmxrn7Z/w32239m6Z4nm3qDJI0EASNu6kGRSfqM15saPM7KVvVb/5HS27aq/8AXqeheGPHOl+M9Hh1LTLgy20q7hvQo49ip5FS00ve2LUk0n3NH7QrEkEfiaiSK3ZXnugWxwKzXuysi0ilNMsYyWHNW7WtYN3c5nXL6NY5CcBR3NKJpa+p9Lfs26Wbfw7Yu6bXkto5D9Suf612Ti4nPJ3dj1+WPy77GOorJK5Ldmi6p+Q0yyvK43U0BWkPPWkHMRMRzg5ptDuQu3rTFcqyN1zSukWj83Phv8AdL+LXgu91K9muLe/S9eCCWGThUWOM8r0PzM35UqdWrCbjG1hSUI28zkvGH7NPjXwUGk04rrtmnOU4kxx2rpj7KavLRmEJtO0upyFlq/8AZk/2XVLeSwnAGVlQrjnHcdPesvZ8yfLqaR97Y7nStLtdSRXieOYEZDIQwrKM+wS91XO30PwVHKFZhgVpztbExikjoW8EQtEybBtI7ii7E1fVbnG694ERkdfK4HQjjBpb7MlR11PKfFHg9YyxCkEDoaOZtWZoo2PONU0QwyEgUr9Cjtfg5pP2ybUlcEqnlEH67/8AAVnUm3KKK6HuugeGIzKqiPJPAzRZvVEttI9u+JvgO5+H/hvw/fwSNBA0CiYLjH3Adx+mD+dTh4+1g21qmY1Gudcpyp8X/YrSBbyWFVmOI33ACTjOB6nHPFNq0m7bG10X9O8SafO6lZlJPp2ptX0Y+blR9CfAj4habpFw9vcSoqzKF3BulEFZWCc4o9/uvE2mWtk1y91GYgucg9RW6g3r0M/aRR8tfELWLa+1Od4cbWYkH2zSqOMpXQLVannsk6Kx5Brllq7ItWGCUO2RwKlxad2LZ3IrzxBbWIYyNnbwdoyc+mBTSQzwz4x/GVTBe6JYyvBeIyiaRCMBNuWX1B5H+TWyimtGJrm0ueMQ+PFtdPARLdbo5P2gpuZfTb71tJOVrXHyqfQjl+KOoT2IsZtRnezx81vkYkPbccZP0JxWzTironk5Wc1eeJZrtyNxjVv4FOB7Z9a6FJ7N6MxfLvbUgg1R4rtW5PbmphF81kTN30ZNrl+Z7XIXJIrq9mpRbuZRfK9DkP7Un2eTnAU8Z5ry5aOx1KK+863TvjF430541tfEclusY+RY7W2xjGMH91z+OalWV1Yma0uuh9N/AX4var8Q9Iuo9YtsXlk+x763QLDNnBHGflfB5A478dKwq2WsX8i4N6p9D1aS4JXIOBXMk3K7Z07oz7i8+UqDz71UrRM1dHLaxcR3EggZuX4qoL7Ro5Wjc+4fg5ph07QdMjYYZbOJWHuEWuub96SOZ7ncXoxej6VK2KtqSB/kpFMrPwWzzQmFyq74Y0+W49CEv1ofYCCVjkE807WBWK0rnmlZWuWrWuz4r/Zh8RWNn8P0s5Z44rp7yeQxscNy2B+iisIU5RqSl0dvyCrytpRdz27fDcr2PvW61bSON3TMDxN8N9B8YWxh1XTLe9UjAaRBuX3B6g+4q4Nwd46FcybuzxjxL+yfJYk3fhDWrjTLhTkQT4eM+nb+eaalBXU43uJ3XwP5HIS+JfGHwrlWLxjoTy2OQo1GzGUz69xz6ZFCoXg3Sd32JVW1oyid54X+I+h+LIC1heo0q8PDICkin3U8/jWLUo6T0NVLsLrF3EySYI9OKGx8yT1PLPFcsTqw27sd602SZMm27XPJfEUSfOQuPpSu9jT0O8/Z800Tw65KBuHmwoB6YVyT+O79Kxkl7RX7Fy0ik+up9D+GNE86+tVxjMidv9oVcHe5MWro+99a8A6Z4l0K1sr+0iuYkiVDHIoYEYAIIPYjisqF1TRnJK6a3R+ev/BQf4V2fw08PeGjpqmOzn1hwkef9WPs8rbR7AgY9K9OhT5o1Z9l+qBSekUfLPhb4l32lSRw3c0k0I4Em75l+vr/AJ61x2V/dHJXR7J4R+K7FoZI7rKgjDA9KbhyvzMUpJvQ+hdH+MN9qXh1YZLxZEA25A61vBLl0B2UrWORuPFzSysGf5ifXNckmbpWRXGtiRg28ce9YdL9SrBd68Ngiik2O4xuz90etDfu33JseZfF74nr4M0iG101YzqDqShY7tpJxvI79+vU8nOMEha9mi472Z8sz6lJuuJJ5nmmnYvJJI2Wdickk98mum9rWG09zIuNTJcY4A7+tXe7EU1ud77gx4NaXlFWexN2zSt5vMw1dEbbNmbWmhbaXBByevU0lVtp0M5u2xcunMloRu7dq6ozbjexzOVpcxx1zKUlbPrXn1b31O9O+o5bkrwMfWsOpWh7b8C/iTd6DqNrpQtIp9Pu3WIR20Z87zmOFYc/MWOFx9PSirCNRXW6MbuLSufXF3Ztp1on2+7toLs/etVLyNH7MUUrn8a5XJbI6YJv4tDS1nwjZWuiWog1SSbVpYxLIFVTEM9FAwG/Ent07VjVlfWK/ryKjZaT3OD8JeC/EniTxTp6TaLd2+nidWmuZo9qBVO4gE9c4xx61vTlrzbCk21ypb9T798Dx7NOtW24/dKP0ro0u33OZapNGxqJxcr70I0uhhOR1oZSZXkfJPamhW1uVpDye1AXKwkAzRe4yJnBJ4pW6lMrTyAHFTsB8Z/Ajwpp+qfCTQZ7q2jlln8+XzCPmw08mOf93ArPDymqkpJ9TPEK815JHaf8IhqGlqf7J1eeEA/LFcfvUx6c813c8W7zRzck18L08y1beJte0jaNT0wXCY5ms33Dj/ZIzR7KNR/u5W9RxlvzKx0Wl+M9N1XCJMEl/iikG1x+FYOE47ofNB6pmF8ZhBP8OdZGI2DRKo3AEZLqP611YaymnfQhz2duqPlD4DfDK2+KPi7X9HuJZrS0SEzh4CNy4kKjaT06g/gK5atWdOpBrb9DrnFKLdzv/E/wF+JXgmOSTR76PxTp44EVyx+0KPbPX866ZOhPRaHLHmWr1/rseLa34reG6az1O1n0u9HDQXCFTn05FZunKKvuXF3d0cvqkySgupDA+9Qk5G57L+zNYmfQtbm43f2hsx7CGMj/ANCNYVI2qr0HNOXLc+nvAmkeZrFoCo5cDGOnNOmtb3J2d0fcwGAMVUfhE9z4h/4Ko2SyfDXwTOB841xl/wDJWf8Awr18Gm6GI/wr/wBLiNLdn5jXWVlwDg+leUijW8OXrRTEiUoVIJCnk/hS1eiBn0/8PNl7o6PDK7o44IP8/etoPlvc5pXlI1z4ZzOx3SZz61zT0vbc3Sa1JH063gk8p3k3g/NgnC8ZwT0Bxzis7SWpWl9Snqy2NpbQ3fn7o3O1WDZ+tYuLWiDdnyn8RfE41XXb2ZztBk2qm7cVA4GfeuqKsu5o7LZHn9zO88hINXtsS3ciEDykfKapNWdxWZYisHDjIxn0qOZtl8rsalvauoGBx7VvKSZPLpcutanywSKltW0FGjz62LkFqXhHHBFbwnok0VOhaOhzGt6btkJUY5qKkraSWpnytKyMlonTnHHrXOLldrM0tB1670LVLW+sJ2tb61kWaGZQCUcdDg8GmOz36n2B8HvibN8S7Xy7uJLbVbdf3wTPlTDu6eh55U8j3FefVwvL70diIVHe0jtdV0edCzIY14+Qr3FZxl7NW3Z0JXeiOh+HnjO98P6zpf2mW4mghnHmop3GRMEYOeuDj3wK6ac1K7l1IqrlatsfZ/wv1lNe8M2d9GpSORpAoPYLIy/0rsa5dH2X5GEFZ27G/q7BJk/GpNJJMrK4C5HWqtcnms9SKRiD70jTcrO+QaBaJlYn0pbBfUhlYgGqWw1qUppie1Si7WPkP4DeJrG2+GHhyzkmWKWC2Ebb8gbsk9T25rmoKSu5dwqyhzvlZ6xFcJMBtYH8a6ubm1ObbcvJGkuCcGne5lJuOiIbvwxZann7RbpISMbiOfzrRTcV7pLjd3a1POfi94Xm0rwjdSWt/MluHjDwynemC6+vPHX8K1p1Pe1RrGKTS3PIf2LtReLxP4i1COCS4iNpChCDLLvd2z/44K5K6/fRgdlVJK0j7EttfsdRBRZQr9DG/wArD8DTs09Ueek7cxyvj/wBoXjOwa31jSrbUoOoE6AkH1B6j8KSl0uVdy3Pif48/Aix+HdudT0C+uIbQuFezuGMgAx1Vjzxjoc11JKoaU53aR6P+yJprXHgfULh8FpNTccf7MUQ/wAa86a/fXvsjqqNqKR9X/D/AEsLr1iSvHnIM/iK6I6p2ObaSPrKpjpFFvdnxn/wVAiil+FHg/djzBr/AMv0+yz5/pXtYG/ssSl/Iv8A0uJD5uh+Xeq2py5XgjpXkWsaX7lPTYZprxI8gFyAGziqvZ6EuSSuz6w/Zu8N3CaTdEkyQSy7xKFIUnpgE9fqO+aylNuZi9JNnsHitbXwf4d1LWrtGNrZW7zsq9X2jIUe5OB+NNxU3ylpyfQ+W9K8P3/iq71fVr3URp9xayOkryyby00iCZoo1zwqiQfUngZ6ZSny+61ctKMVtr/meZ+LdQ1/w9dS6bcXNxEshLAIzKr9PmHqDkUkqc/ftcvS9kedXKvJKQwx2A71porIDd0jw8bmFWIJPpUc12dCp9HubieH0iPzjH0qOa+q2OiFoKzILuCCLCgA461fM76IaSZas9NjuLfeLiNOfuFualza6BJpPVEU6iKNgecd6tyuxpW0RNYShk29K0U2tOhNRXVluV9Vs0lDcUTbfxGcFfSXQyotPScFSB6VjdLQJ0nbQ53VNNk0q66ZRuVbFaRdzmlFrc9h/Zm1q2HjC2tbnV7jTJd5eO3SIFbo7QCu45AOB0I6DitZ6p2Rjf3kj7uPgZLyJXJYccA9q85RcWzou3oRWvg63stVsmIDqZQrAjqDxj9aujF81mZSu1Y+qfh3p0WmeHLS3gjWCFN22NRgLliePzrqT1OeOrb8zY1cDcp70PyNtyij8dcVSEyOSSiz3HsVXcsTR0HZEBek9w23K08gIxTRSKcj44ppFLU+XPhx4dtF+HHhe0uIEdo9LtFckdWEKZ/WuLCy0cl3ZFePtKjlfqdZdaQ1xZNb21zJZvkFZIjyMfXtXbTkkznb5tOw3TLbxBp8iCS6h1CPofkMbf4VbUFsmiYczTUj0ux03zreJhIocgFlJ6H0rmVWzd0bta+R53+0HYPbfDXWXdCUjgaQsBkcDNbYf95UsYuThq1oeN/8E+rNbq28W3Lpj5bOLp1OJCf5iubFfvMSmulz0qzSpRXm/wBD66n8PWcxDvAjMDkEjpW8ZNbHlWdyDUrSNLdh5YOBwKyirM6ItbM+Kf2ptRvYtBFpqFsED3AIlhIKE7XwOTkf/Wrt5E5Xi9CKEbtye52X7Hdig+FecZ3ahcNn/vkf0ryoycsTK/RI7KrTSaPqbwNahdbsRjnzk/8AQhXc3o2cr3Vj6QHQVEdIot7nxb/wU5mB8FeBLc/xarNLj2W3df8A2evXwbfsa67xS/8AJok9bL+tz83L+2Bc/LgHpXmtApJ6Mt+A/DkPiDxnoekzRh47y/ghf2QuN/8A47msak1GDkzRq+h+h/hvwzHZIiRRiONQAF9qHZyRyPe7LXxE+Hb+N/BGraNA6xT3cBWJ3+6HHK59sgZrTWLLjKV7HxZ4G0zWH8Q634SvYP7O8SrqhnkhnBGA0KrgDvjyuD0O5eeaynBN9mOLc02lZ7GL+1Ppll4U8X6Pp9ncXdzONOMkovj88RMhA2rgBQQnYc470qUI048ttTXtd3PDIEM9x83H9avRmi8z0TQreFbQEngDtWTV3odkG4q5Dq1yq7gnA9ahRavZlxblv1OYkcu565qwjFp2ZNbgp9KlytozWcX3LFwwaPg4qlqtTK7gn1I9OfDEZ4966ObRCmm/euXJ/wB8mc5xUOXczhFptoz4xskP6VztdTqlFySJ9SsVvtNZWGWUblNVGTTTOeai011Kvwxsbmfx3pNvZkC4ln27tm4ooBZ2A9QisfoDXoQfNPTqebKLto7H63w6eVtUA+YAdfX3rznJuTNFbSxl3mnhb21bt5i/zoprU0lJ2Pe/CSbNGgH1/nXQlY442u7FvVxlevSlY2RlhsLk8U/IZBK+4cHiqSGis0nzU1ZjIWILGotYOhVdgc4NUvMplO4fFUik0j5p8Ia7ax6RplsX2MsCRKHGM7VA/pXn4WLjTu0Z1Pjdtjs4bhQVLd+hroTUveRzKSTNezmTI6ZrRO+pbTe5uWspAGDiour2sGj2PNv2l9cm0z4Q+J2STDHTrhevrE3/AOr8a7MNH95F22aK5r+6upwn/BPVUt/CviuR135v4IlPoqw5H/oR/OvIqNyxTaeljoqyfKuY+u8W83QlDXYmcmm5l61bhLWRw6lFBJOccUotSkRNNI+G/wBr+/ttR0O1NtcJKPtqfcO4bdr5/UD8zXbGfs7podBTVRqOx6j+x7puz4MaXMR/rrm7b8p3X/2WvMVlVnJdbfkd1f3bR8l+R9N+CrcLrtkOo85P/QhXTe60OOyuj3ojJGexqlsU9z4j/wCCmsqnTfh/CepnvXA+iRj+tejQusPVa8vz/wCAc7ny1uXy/U/Pi/g3knOBXn9DqXc6X4IWZl+MPhCI8lr8ED1wjt/SuWvrTdv61LP0h0zTxGqDHatLrocN7vQ6OCwDKMAVT1QReup5b8ZPgBZ+M7+w8XadP/ZPirRsSRXa8JPGp3GOT246/nSa9ouSTNOVOS1sfmh+0H49n8dfFnVNTlj8kRxQ2sUZH3UVc5x2yWJx26ZOMmrPZnQvU4C2uyrg5GPWkkkUdlo+pMYAA3BqHbdHXT03C9aSQYxWb/unUrJ3M24k8sgkj0qU7q4RunrsQR3QkbbRrdWG5qJeklUQ8AdOlaLzIabkR2kyg5PApx30Jm01Z6Ft72KJcZArS1yJSSs09jJn1SKOXdu61jKD6GyqqS5Ta0jUIb+Pyw6lum0nmhxcVqSuVvzNX4Q6XdRfHbwva2lvJeTyXZCQoQpZGidX5JA4Vm/KunDS5k1Ff13POxEfZyXKr6n6yaLp00GkW8dxgzKgBGa53bqYplPUrECSFmX7sin9amHxFyV1Y9e8NxmPSYc98n9a2jqzCOl7E2ovlas2SVjHlfIING40QbsDHancoru+Wx29anUloqyNjOTxVFpXKssoXNULVnzP+0B+2No/wo1z+wNLih1rWoSDdq0hEVuP7rEclz6Dp3rmjV9pU9nBaLd/1+J0Sh7NJyWrJba0gkdG8pflORx70qKtTSOFr33qaF/pEWsxRRSlx5Z3KUbaQa3hL2d3FEpRtdFrSNAu9Pni8nU53jVgds3z8elRJ895R0bNIqySZ6ratpk6D/WRnH1rGLqp2eo4xjfRnjP7XVpBB8FvEUsd0hxb7dh4LbiFx+td2HbnU5djSCtNWOc/4J/2Ly/DbxDcomd+sspI/wBmCIf1rz5uP1hq1tDoxFNxjF9/8z6k2PGPmUitV5HmvQy9ZmxbPkkDBqoXuF3Y+Ev2ubK1tVguIIlSV5wp2YUEdyR9f511X5rxTNaMmp2R77+yLG0XwM8M9gVuGGeeDcykH9a4Vo5JdzfEW5k/JH0X4KJHiGx95k/nWrStc5L6qx7a82JgPerRW+p8J/8ABTti2pfDdQeFTUWI/wDAYf1r1qGmDqy/vR/KRkop1b+R8J3IJyp79K8tu5u421R3X7NVmL346+D4mBwlxO/A/u2s5/pUtJrU0UnySfl+qP0ltLZQox2qXHTQ4Nb3Ny1iAA4xS8mV5ovGzjnt3jlQSRuCrKwyCD1BHels7laXPx4/bahg0/8Aaf8AHENssSWqm0EUcOAsai0iXaAOBgq3FbSfNGPf+v0sdXLY8Ws7aW+ciIfdG5j6CsnKzsCeup1WmCRIVVU3MO56VLir3b0OuNW2iJL/AF42S4YRk9x70RhbYl1bnOXOtmWRiVAB7CtYxXcbrO9xqahlgORVQpp6nPzPc1I5mlG3f1HGaXIr2uWqrT5upDJJsIUTLyecU1C2g3VclZk15beSFPmmTIySKG7mPNcxruU5BCg9qnYZa06GUsjbvf5aSmmroq7Z7b8DPDlp4i+J/g6OWe6tZZbwx/aLWdoZoyIpGBV1ORyB+HFaU781o+v3GdR6pPufSB+KHir4b/tMaZ4NXxrd694fuZrYS2l/5crwrMSpjZyu7cMAggjhhTw/s8Q5KS17/L7jSvTdNJrZ9NOx9d6pAPJjbgEMOv1rjSs7mSvZ3PRtKcDToMf3R0rZaGcRuoPxQncu1zHZ85FNKxZBIwFPcTZVeQMeO1MZWlcYx0o3L21POvjR8YNB+DHgy517XrjYgylvbJzLcy9kQdz6nsKzq1oxtFat9DelFOXM9j8jNc12LxNr+q6vPF5L311LcmPcWCb2JC5PXGcZNRh6XJFRb/pkylzO9rLsfojp2u2886wo5ExG7aQelKMnCKbWhxvVbG/Fq0FrcLDLKiSFdwVmAJHr+lVzX1ZjH3Y3OgsbpZtu1g/cYNPmSRvBNas6K0YhTkEGpTE4u90eFfti3xT4Qaum4gySWyA59biKuzC/H9/5FWtb1NH9hCaS2+EN9MDtE2sTt8p64jhX/wBlrz6lpVZX3R3Yl3jBLt+rPptNYlC4zuHuKuNrHnWbuYfifU1m02ZEiRZmUhXxnaexxnn6VdKNpasGly6o+Bf2o59Qmkt4rswuhl+8gIYMCD0PY4rtjy30RVJ+92PqP9lWIW/wP8IKeG+xbiPQl2P9a8+Fryt3Nqq5nqz3/wAH4/tyzIHSVf51s5JKxx8uqPTtU1YacJrk5YRIz7QcZAGaa2Lv0R8j/tR+HIfjn4KtPEl9dS6ZcaNbXMloLcBkIfYSrggk5MS8gjGa6oVZQVTDPZtfer2/MynLkSnex+fJUuiSZ5YDisJx5JOD6HTduN7HrH7KOmySfHvw/KVO2OK7Yn/t3cf1rGUlyLzaLVnB97H6L20fyDiq1TsziXY1rUEgA0tmGiPCf24fjJqPwZ+Bdzd6NcNZ6zq93HpNpdJ96Auru7r6MEjfB7EiqjByvJdNfxSNorRtbn5J69crfRQ3m8vM67ZGclmdtzHcxPJJz1NEnd6G5s2LRaD4PgR4vM1LWZfOVtxHk26EBT/wIlj759qmy3uJK71GpqJSzZYycjqazkubU3+D5nP3DtISWyea120MSBdoUgqd1Go2JEzNJwvHrV30sSaIuAkBHIOODS9QQQRGSHf/ABelRKST0Ot0Xy3RM91viGeq8VSWhymbc3BjkA4NKwGnYXJ+XgHA6iocbp2GddoXifWPDN3b6po0rW+o2L+fBIFDbWAPY8Hgn86cL6K9mVytLnR9o/sb/s+T6X441DxZ4yuYNf16W0t763mErTCKSZpd7sW+8+FHOOMnFdL9nRo8tJa3tf8AHT9WcXNOc+aqvNf13PsnV7ZfsxHoQa4kjRtqLsdZo7/6BH/ujitUw2YmovxT2KWr0Mp275pXbKvrYrSuMjvRew7FSaQL04rSI9SnNMeccUadR7qx+VX7Y3xdX4m/F6+EMrvo+j5srJXwF3KcSOB7tkZ9AK4KSc6kqtvJfL/P/I6q0VBKC6b+p4dZ3wlgkVSAc4wBXoJaHMlqfo9ZLGpRwBvA6gVzxiuVIwSb3LN74d03xFcQyX9qs8sa7FkJIYLnOMgj3raNWVNWT0JdNWsb/hrw/baDqEFxaBozG4YLvJVvrk81jUcqq5ZLQ2j7nvHr2m+KNPkdBc6bE6/xbDtrm9lUivckW+Toj5+/b31rwvN8GvKsLK5tdSm1G1RW8zMZAkDsDknsnb/Gu3LuaFZ+3s9H+RCjFTi10L/7DVvbD4D2ReQpI+oXjkY/6bEf0rz/AG0pYiqrbNfkd1eC5k77pfij6GS0ikGEuVH+9xW/M0tYnDKNtjA8X27adps1xJJGYUGWdWzgVtTam7LczkpRjqj4G/ad1eLUbmzFvNuJlJIHXHOf6frXoU5NJxaKpU23c+tP2aoDB8E/BSgHJ0qBz9SuT/OvNhvK6tqy68P3jse5+D3Kaza/74rSotLnO7rc6/xpe+ToupndjdbSqD6HYafxWijGbsnK9rHxtrH7SHhRvhdrOi3pvNH1eXT7m2js7i1kfMhRlCh0UjqRycdRWqi6Vb2m6T37+fcqo4zpXi+nmfGRVVghUjawUcZ9qKkrzcu50Rd0e2/sgytN8a7BcjC2N1J/46q/+zVx1brlt3FzLlaP0EtzwDmtpNWOZaI0oDjFK7EfH3/BUTRbrUfg74Y1GEsbaw1xPPUDgCSCVFY/RsD6vXRSXN7T0/VHTCTSsj8ymIW38p32sTkA9ayZoXZrmXXNUMkCmG3jVYYY8k7IlG1R+mfqay5e5pGLlsXzbtGvltz3FHMuhpr8L3K7WjorMw49u1Zxm5ESVinMzsRsXGK6bk8rH20UoOAgOepp3vogSJ5E3tjAHrWcpWRpCEm0dHpVpG1mDgHHWuGTfVnp01d2Zn3+nCGVmUEI3btXTSneJyV6aTujJltVY4zxmtObuZey63Ldhb7ZBzx6UcyaJUU3Y7Lw7JHFeoX+YDt1zWcXaVkdM4KMdD9Mv2QFi1D4bxaqCvmXGy3CL/yzSFfKVT75VjjturqqSSgrep5MFKLaburnturfLbN3PauW2uhe+htaRMBYx4zwK1WhDFv5t0dV6lJcqujHebrQiubQrTS4wetD0RaKctyC3oaafQLaFC5usNwcc0pK6sVBan4y+MPDV83jrxDa3SmGWDUbpJCw5z5zVrhuT2Kbd/8AM7sZLmrvTQxp7BNP3eXyB1zSlLmOLle6PuHS/i74UucCLX7AnuWmCj8GPB/A1wwm3rJP7jOUJWudPpfxE0C52mHWrCTnAZbpCD9DnFW6q6IpU59tztdK8S2FztaO8hcequCP0pKokrzBQeqkdRZahDMhKSo+Dg7TnFR7RW7FOLjofNP7b+qo3gzRrUOC0uqxk/7qwzH+eK7sO0+adun+QlrJXPWf2P2Fr8BfDuWAZ5LtyfrdS4z+GK86Kj7eck/6sdeLfNNPyX5Hti3o25D81tfm6nFujA8TX2+0cE5GOma0UlHQzaVtT4Q/aSnii1WyWMKpLO2UAyeuf8a6km9X0Oij7urPtX4Cj7J8I/BsQHC6NafrCp/rXLCOrfmPEy5qjZ7F4Tn3avb4OcE/yNVU+FnK11Zox6xM/wATL+13u0KWSuEz8u4sAePpisai1g/UzhDmU/kfAn7c0Ftpnxwt4bSCO2ifS1uGSJAoLs5VjgeyLXqOTdFXHT3a7Hz1NcBwCGIx0rnlHlNz3r9jAGb4yRNjOzTLp8+nzRD/ANmrKaurkS0TZ+gEDAD3p6XOfbc0rVwQOaL3IZ4P+3ugk/ZW8ZHGSjWLD8L2CujD61de0v8A0lm9Ntux+VssLRaQ8CxKI53Du20EnHTn25/WvMlVTqWT2PTjQbhzIXwtaRxSSE/rVzbaugovdG3q9pDNCWyFcdCOCK52+RpnQ4c0jm3V0yu/KnvWvPswdLmWpUaYxthdv1xW6qpq5z+yaejFjdpDknH0qZVNbIqnSSepJGgkcE9KlydtDoVlLlXU27e9jtYjFkZb0rnvJPU6U+VkhdLyDaSMjpTu4arYU5RlpYwryIxTEMOB0raMlJXOdwafKyNAdw2nGTUKT1IlBJ6HQaPM0MqnPPqKzTUuuptG/LaR+hf7Bnihbnwrq+mSErJBfMyjPBVo0OevXJNegvepJdjyMRaFRpH1Vqo3WjVjszJMt6PNizUE9q1HZML64/dnnpRows2Y8t0NpOeB1xRJ8qbZaWtj5C+Jf7bjqbqz8H2CttJUX9z8xHuEHAPsT+FZx55yTXw/1/X6F/BKzR8xS/HfxlcfGLwhq+qa9fvGuqWwmjMxEbRNMiyDaMLgqSOld2DoxdZJ63/4b+uhFaU5xfI2kfd3x4+MNt8Hfh3d6/MEmuiRb2cD9JZmzgHHOAAWOOwNceJqKl7sd3ov67I6KMVJuUtkfmB4o8aX3ibxHqWt3jI9zqFw9zM0a7VDMcnA7VtQgkuSRpUq+2epzuragDakL36miau2YQm0uXoyqL2Q4G/gevekm0YpWdyUXODztyeuRnNCk4vmRTk3uTx3m11cquf723n86qNSUXzdSud7GnD4nvbdUEF5cwbOU8md02/TBGKOfVyaTuJNp3G32v6hq6qt5fXN2E5UXNw8oB9RuJxVc6+yrLyDmd73Om8K/F3xV4SsVsdI8Ranp9mhbbBBcMI1JJJwpyBySa5406N3Jw1Zp7Wdkr7eSOusf2nviLaMoTxVcy7f+e8ccmfrlapUqNnp+LInOUvhdvuNWX9rH4gSxeXPqNnOrDlXslOfxGDVwo0rb6kX7nnPirxxqHja5WXUBCZQCAYEKgZ+rE/rWtNOPUrnSWh+hnwS8XWNx4D8J2K3USTHSrRURzgt+4SuKhLlTT7hO025HqVt41j8K6oizWUl/Ii73SxZXZF55Kkg/pXRUg5R91mXKn8SaPM/EPjvxf4z+K2sW3hbULbTtLuYIohqgQ+dbJgFuCR8+7cuOoHPaspKCVKUt1e6/ryISl70Fbdfd6o+U/2ufi/ovjP4wBdLu21UaPpyaXc3+3ak9wskjOV9QCwGfUHr1rua9lR9m1q3f5PoEWpTco7Hjem+IU1KYx7ArDJFcjsbuy2Pp/8AYkCv8WbtgAGXRbgn2zPbim78oP8Ahy+X6n3fHLyoxx60lc4mi9by4brxTaW4m9LHzn+2l4kHib4aa34Q0po766ha2uNStYyGlWIOJFAXrn5Q30U1wVq8qNSNtE+pjSxtOhiVRqaX6n5za4yaZpe6Pa54245GDXAvfqNn2ClGNM5bSryS2lLOdpfnFeo1zI8mnO0jVnvjMuM8fzrJqy1PTutGjNnJZiAfwqYtIl1H1IyqjGeopWb+ElWbuwb5hkDiqhbZ7lz1emxBJefZUbglscVfLeWjMHV9m7GLHqV1PcmTJVR2JrdRSRzyrScrlybULmUoI32gdcHFJJdSud3vE1xM9xCu9st6nrWMmobnSpOcdABKkDH41g58zdjSKaVmaenTbCMnHenBWfLYSdnqfZP7AXii3j8ba7pbAtNdW0csTdl2ltw/EYP/AAGvSopulJHl4rWok+x956g2bF+R92sG7anPFN6HyH8e/wBs2XwrrcPhrwTcI09vtlvNUCpInPSJAwIb3bHsOemsIOs+b7K/E2jHlikcaf27fGt3bbE0fRkkAx5khlcsfUgFQO/ArVUYx0ctfT/hxaNdjY+DH7UHjPx/8X7Xw/qzaeumT2U1xJHaWxRlK4wQxYnqQK0p4eM6VRzb0WnrdfoWpK8VZf18z5PFz9na8tVGPJuZU49nYUqVNRpwOjEuKrSce7/M4Xx7dyLPDImS6DKkHBBHI/Wqc+WqnHocUk2nZ2Prr9rvxRb+KvgB8P8AVRMJJr26gnRf7262fefwJqcdFQxKa21t6HThpOeHbel7Hxo0Jt4XZx8hHSs27anPy3WjOcurlmhwDuX1FTdyKtZ2IkumJO4Z96CSaO6cvg/dHrQPToTfbMuBu4x6UxDPt4WTg5/lRZhubGlxvcxGTGFB61vRpOo9BNpaF8xCIFs8460TpqLuxuMrGWt0TIwP51lzWeg90X4pyyZLA/Wovdkp32O2TwVcT+A4dcsopb2WUsDbwr8yqGdSw7nlew71rTqqdT2bWxpKm0kzpPDn7QnjOysLXTIP7KtBbwLAjLYt53yKFXO92GRjsorhqJ0n1audFGj7V2ki98O/G3jDQvjLZeLtUlF3MbhZLuR5AqywY2sgC9guMDHUfWvfw+XV80or2SsovS+h5lbEUsNUcZ7n2f8AEH4h6TYfD7xH4v8AC91bXs9jAbhYDlCGPALKRnqQffGM96JZZiKU408TG1+u5zQrU6ifsZX/AK63PzjutAbU57iaW5AupmaTI4G8kk/hk14eIxMvaNvVL8j6JYL3LwZg6fLLo+obZc7gecVd1ON4nA4yjpNWZ9kfsLXP2r4l38y8x/2LMM57m4t/8P1qteW7RMn+7aXl+p93RT4ByeBUzqQgryZ5latTormm7FPVPES2Ns5T5nx1ryKuObdoHy2LzqW1FH55/HzVNU+HvxdvfGOj37XUeoXDJdwSsSA+BmJz/cYLlDwVK45xzVKrDGR9jU3R14OcMyg4VfiWzPLPiHZWmvWP9v6MqrYXwMskS4xDL/HkDpz1AHBBPQ1z0uaFT2cuh9DgMZNweGrbx/I8ajvndhK2ducA9OK9zRe6eiagusqMntWE4yaaOuE9BN+e9c8b3OjmUkNMpJ4PHpRzNXsaRiupKk+1ckgAUtb+ZFtb9ClqFykkeR17V1073tI46tkzJQu8nB/wrfQyincnkjfIIOOOgqE1cpxadiSG8lgI5zircU1qNOUXc0YdTjnYA/K3vXM6drKJ1Ksr6mpBOioWznArNfFqXz3jc9s/Yr8Rm0/aK8PxByvnpOhBbAIET8e/JH5V6lH4ZejPJrRUpwSfU+3PCXx1F3r3xA0nxHq9rbi1dW0qOV0jaWN4SSkY4LENgdzzRLCVHgoVYq7ble3bS36m8LOaS6Hwn8RNHu9Y8fzTWcRlhSxs4y4IAz5Ct3Po4r0MDQq4iE3COidhNJW5trGfHpdxp6Ez+Uj4+6JkZvyBNKthKlK7ktiOVy1RufAz4k6N8PvjHcarrt2llanS5LKKaQHYJWlhf5m6L8qEZOBXNGtyU5XRpUptVIu9jhJr2G91jV5rWVZbeS+uHjkU5DKZWIIPcYNRSn+5i7GlRqo3JHJ+M5BG8DkksTWMpvmTMYxvue0a5cv4j/Zt8DTyszW+hajdWUh+8FLfNED/AMAKitcW06tKpvdflp+g6T/dyp366fK54Zr+qrNDKqLtQcCsHqTBWehzqofs+c1clZlNK9igshA5NQRYcZzz+VLYQxpSOQelMBI5d3tQB6h4Cujpdik3yuJlZXjb0zXp4Wr7FOS3OatTVSSfYxry4C+YiqF28Y9KzrNS3Z0t7HOLM6u2Bu5rheuo9LFpbqUbcIevahWuI+kvhVqCRfDvSA5BdftG7/wJlx+mK1i3Kcr7nq0E3BKxyHjzwa+qeI/7XtwYrZI1MqxKMu4LZb8tueK9TCxwtSap1563PMxixFK8oR0MS48UNYqIw5DLxnOCK/SIV6FGKUNj5GVKdSo3I6Xwr47ElncWV0XntLhDDLG7nDIeoPPT/CtVVjiIOLSIdP2M1KKscz49uLLQvEccenwlIFtYm3Od29jklv6f8Br8lzDA/V6zhLY+/pY32WHjGk7ye7OVvb+K5R5GUGTbkHHArhiorTY55TqYmd5O7Ppz9hf/AISbT/EVzrcWmRQ+H5bc2zX10pHnHzFbbCARuwV5b7o+vFcOIxEKeild9j5zHZnSwl6dryPuCTxI5BY8Ka+fqYiU5WbPgMRiqmIk5SZzniHxLHLbuN4HqQc1k7s4Z3Wx8u/FOy0jxhcatZNKPtN3EXdCuGOAAsseeCUIB459eDV0ZTpS9pc9nB1KmHkqyPl3TdYk0OHW9AvFaSOcSwSInHlXAG0OM9jgA+2DzX0soqso1Fuj72VNVJwr0/6Ry+s6YLJ3aIgpngelXF82sj2KkUtjKjuWIIbqP5Vpaz0Mk9LEwu+ME4FRya3RvCpZWJo5Qw68VElZnV7RWsVrq+2fLng1slfU5XU6FJ7gbTu5NVbUyegwXBGBTBNk26TZuDZ9qLDcm3qMWSUkEKWxQ9iU7EoRp8snBqb8ujKleSuy9A0iR5cnjtmpbUTRt8qO1+B3iE+G/idpWuhctppecMRlUJUrk8jj5iPxFdlDRS80Svekmlqj6HvbvQvEV+2q2cN1YzyfvxElzvhBP3iN2WwSemQBX0dLE8uH9g2rPy19D0HCE4u/U868Tau8Wualb2ySygCEBkGQMQoMZ/CtsrxMYqcF3ZiqTc+VdjzvVLbUDdCRo5Bls/MDW+Iq812jjqU7tabGRqsu5rkPjcSFyTXyFSTtoPWTuy/4UmAspEJOQ2c1UWmlc3pwtGV9yl4zYPbRkHo3eorWc7o5dUnc+g/gdaweJf2X/ilp1yA32NnvkwOVdbVHQj/gUP8AOtsdC2FjUXS/y2f6hhm/aONtGfKF1O5hUPkFuTXGPRPQrG6dV2qcDoab1FLch3ArzwakQgOOaYhoID4yc0D3NO40hLexWcMWYkHFdKpXp85kpNysbWnahLZ2sW09V6Gt4yioqwLqZNzqkk0zfLwTyK55yu7lamlo8thbQmWVVmk7B+QPwrzK0qrklDRHZT9ko3nqy3BrEAlX9yoGeDtrN06sdU9SoSoylqtDs9F+IUGlWwgKFYgchVGBknmufkqt+69T2YToxilsWrzx1dak6w2SsA/AB70qeFqOXPNmNXGU0uWKuR+H/hPrvjS8+03EqWFoX2mTYXYnPIA4BP419nhq7pRUG27HytVJz54q1z1ofBj4ceFNIjuNX8U65DdnI8u3aByxHcJ5JIH/AAI16NLOMRSbjCEWvO/+Zyex521c4PxB8PvBWuTs9j451G0kxgHVNI8xSOwLRsCPrtxXk4/HxxM/aVKb5ttH+n/BOuFKpTjaNvyOh+Dn7PdhfeLILzWtX0XxN4ftkZ/sthcSbpZOAgljKgqvU4zzgA+lfOY2vTjR/ct83W6t+Nzx8yx9bC0/dXK31PoXx58ST8P4dN0rQbO3uNf1FhDZWQXCQRjjdtGAAMYAyB1PRTXy8VKc3N9Op8PCMqt6j1fmWbHWNUisUhvtRe5um+e5lzwznqB6KOnbpUOyV9zlmntcydd1ue2tHeJ8Y6L2PtUNu/ulU4puzPGviF4niuNHttUtmKXVncJPCQPm67ZIz7YJ/wC+a6qUbS5X1Pcw1NtuMup5N8XtAY6pb+IbFAbTUIFeQJ2cL1/FcflXt4OtGMfYvdH02W4hcvspdDgYTcauJGCF9vbvXavcau9z251lBqMmYVyrQykNxnmuho2TTV0NWXcRnoO9RsXaxOszBPWldM0jLSxXYlnyavoTyu5I8AK7qSHK9lcSNxGc7QaTu9CuVWuSLMqgnABNFuhUZWjsPF2FOAARTXmTLV6FiJlC8Dk1DvfQp7XJF8yRSiKTnvUySer6FRT2SNXwut1pk07so2ypsKn0zn/CtFWUI+4OEHzu51sGr3skVrCJCkduNseONo+v4VlPEy5ua50Qjprsb2k+If7PukkuE85A24qWI3H1JHeini5UP4ZvKipdTu/D2iXfinQ57yylt5bgyMn2XzQjAYyPvHnNe/Rqwq07t6vc4JRcZu+yPPLnwp4asrzxbD4mcpe2y25s4ra4KuWYO0hRQcMQPL6ggfjXJUvTXua6swnFe0s3ZHn+h3y2plVQVj3EhHOWA7Z96xi38TWoQqcrI/FM/mWy98nNFRpu4TaPWPhR4+i8JfBPx5ZJKi32syW9lCjckq0biVsegQnnpyKMVJTw8aSe7f3aak0Jck3N9NjwnXZ0lvH2KFUdMVDWlyW7mbFg5b0pWsgle+oxWGOT+FSIR/fjHSmIEPOSopgaZ1cy2yxvGNorb2r5OS+gKKuTya8pjVRCoIGMiphLpLYlwszMe5wSw4z6VEnzMpK5H52xCeQSaVhPXQsw6tIqAArkdOKl9kVF8pFJqc0rZJ5zSUUi5TcjtPhxq8lrqfn3DZjUYG7JA/D/AD1q7Xi0jJuyPbG+JF7penx3MUu6KEkx5i2YYggHJ57nrXRShf5kqcdHI8/1rxFPqkwnllaVz3Y1pOStoxu25mreM2csRz61knC2pLdtj234L6sfD/g3xRrJfExBjjJ9Yoiy/m02P+A185mF5TjBHxGaS9tiFHoTfCd7rXvFGqeI9Qke8mtYltYp5TnDEcgduFHb+/715uJ9z93HqebiVGlFQgenxag11ceWmW9cVyWsrJnmyhzamH4vv/JtWSRvK4/i4rWnBydktTop0Zcysj5/1fUVuDewbwI5WLDDdCevIr24YWd1No+ppYaatKxs+Krizg+HkVrdTotw8KyQhSDjaeM44AOMfQmooUJOo5sWGwtaFdyS0OUj8NL8OfCP/CUa0kbnUOdL0oygSyAjiaROoTuPoM9RXqezSsm9eh7yoOraVRWPH5bx753kkbLk5OOg+lbHokCMdxGaLFXLcB+U5Ukms5Rb2Bj2Xag4wTT3N7KyXUiLsRjJxQS7PRjTDI/CKWz6UxpPdCppN1K3C496lzjHdk8kmlY0bTQCP9a+31xUOrFbGsaTk+V6G9a2VvDgIu446tXK5ykm9jqjRjDTcuLHDG3P5VzyujfyH/a4ohwPpWkVdJFPlTuxh1XYeCBTlB2sQpR1BdVaU9ahKzsWqnRG94c8Tto99HIfmQHJQnGa78LWlS2Oao4zlZrUq3WsW91q1/dXe7y2UyFVIBavSlVUVdLRnFUXNV12OVluraTUZ2toGtoGIKRu24jgd+/OanmfKZaS3K+tNvsgB1BrJS1Br3bkJv5LWzSADDkYOPSlOFm0yLW3MWV/MkJNU5aWRaeowtjjgVPkTu9CDksvrSENZiepoAkVsDigYrYPTND00H5oaRgYNAN3ADaMnpTvcQSfMvXjtQDCCBp5UjjBZ2OAB3qormdkI2pPDM1jCk00keWbHlA5IHrWk6biu5Klc2lvIdOSA2rNGSME8E5/Gs+WyuXe+gs/iS9a3lglu2lifBIIA6HI6Dinza3iRJX0C21JpIvvDPvWZDaWj2LKXhJAyOe9K/YhNHsGhmSx+GMCztsE8rXChu6Njb/LP5V4NRuvidNj5KteeKdloX/BXxL0vRNGl0h5JreRt7R3McaspkbPUHv0xkY+UA4rseA5pe0eq7Hc8rjUl7Rv5HGatrHiHV9VFgdQ1DUrqZsR21pIwEnuIkIUflxXqQwtOlFThHQ9KnQoUrQ5Ff7xs/gfV9Pnk/tC+0nT2jXL/aNUjklTP8JjUs+72x+NVCVG1r/cv6X4nWocq5lD8jHCaCrypfa9JHtGF+xWbSFz7E8D8a2VRW5VH7zRptditouhWviPUb62F7I2jWcL3k8s0QjkES43cBiM5PXPTJxxWbaleTVhJz2Zxvjzxjf+Ntca9vnLOsaxRx9o0UcAVgqag9DbocxGfn9KtoZKQUbI5FKw7kyXBwBmptYZMZt6n1qLNGnMkaVhpEssaXEylYDyp/vVEpqDsXTXP8Wxdi5nEUEYPbPpUczfvS6HY4QT5Y6mqiR2cZL4Z/WvNqPnldHfyKKTKMU32y4bj5B1roSajc45e/IuxhWyFwAO9CXVilzJe6Urm4EOcHPuaLubswm9EzOn1ZSnDc10whyu1jnk+ZrUo/b2OQWxurZRVyJTkkXbfURGAo5PYVLir3NYvRcxsW92J8BsIRWLgopyNoSTlZjtRtWubR9gBlxgH2raE9PIzqRTlz9UZWhx2jM9veTG3nY4WUnKA+h9PrXfTnGKaseY97mhfWbWRKy7W2ngqcg+mKz21W47M5y+uRG5Ab5j19qnzY276lDeCcEfjR5oalYhOCTzTu73HzJLzGk+lSZjT69aAHIT36U9Ckrjy+OeppW1BvoA2k8nmm9CRrEg8c1JVhpBHf8ACncT3L+m3P2RTIoHmHgE1pGKkJlmXU5Z3G7ljxVufu2FYJpcKvJyDyp7VjcdhjShzlqV2iWLbXITPNQ+a9kZSp3ZpacZ766SCBC0jc/QdyfYU4RaWonTvFq53d5qFzqMNto2nCa4hhAwhOc44yeyj9KilRjBubOGlR5Xd6yZei07wv4eCS61rB1a9Qb/AOy9JbCZH8Mk3b6DBrZ1NbU4/N/od3spLd/d/mW9S+OtzqHhpvDmnWNn4csUfekmnlluCM9GlyCTxgngkZBpOnafPOV77roVblSsterPNI74kyRRFSVGSSetWt/dE007lBtRWWTb90jrS16mnL3PR47y28J/BGZ0x/aviW8aEYzmO1hOGJPu2Rj0cH1pOXM+S225lGzk7Hjd2580sOCTTvdWN0iIMVOakZdhTzYwTxWcpWeg7N6orSoVc1dwtc2PCjWA1iN9QHnQoCwhJwHbHGfYHnHfFTNuMW1udOHgp1FzbHQ614gOoTeXEAR0UDoK46Sb+I7K8/wK9vOlhCcn5zyTSm3P3Y7FxbirsoX+p+YCd3TtTjT6WOadZtlvSAY7AyvwX559KVV2ajE0pQbj7RstG4WOAbT16ms27zsa3XJpuYup3Y8sjOCeK6oRTasc8k7MwJt8MzIxDEHqpyK6NOhxXYnnNjrTshNt6lvT2JkDMaTSLjKTZ0UIHDCsrbnZa7v1NqxuRgK2OeBmsKnuq6NF2sUNZ8PC4kN3CcHq6jv70UKkk+WRhWpq3NBGBquovIVjLYEYwADXoXcndnFrYx5JWkfJOaV9LBFJsFOM55NK11cba7AGI7fjTfkEY8xGG6UiAPTpSt1HfSw9X6DtQNJ7g/B+tO9tAeuoiv2Ip7hYAewPFSx2stRRz1ppCZJE4XIPTtVxdmrEsvaYkTXkbSkgKwziiXwtIa3LeuhHlMkRH51jBNRSY0rmZHJntxVkEttbS3l3FbwIZZpXCIi9WYnAFFribsrnsNn4VsfC+kSW099HZwxKG1PVMbnll6i3gX+Lb37Z5OOBW8bJKTXov1MZczXl1KOmx6l44lu9O8KxppVhDGJHjLuZpxkDc7KCXbJ6cKPSo56cIv2jvf8AAqUlSsknb+tzz9pEikxMWLKSGXpgjqD3ono7WNNySebS2tJClu/mkYVi5G39efxqJNtk8surI/DerJp180vlK+VK7m/hqZJvZ2LtdWLdzCus3JNrEFuHP+rH8RrVN3uyJXjtqd18adXudH/sPwW8sc1t4f06GAqsYAEzorSkHGTu+Rsn1qIP4prq7Fa3SfRHjt5byQMpcYDDIPqKq1tRppq6K7DIrMou2cnyAFselRLbQ2pNbMkljyCeM0XQre9YhtNOudSvILWzhee6ncRxxIMliatK7Jad9DuLnwtF4Uttk032i+/5auG+RT/dA9vWsajT+BnpU6c4fGcvfXxyxyDmlGKW5nKad0zOLfaGUE4GQOK2tbY4ra8rOlurny7eGIcDAArz0m5NnpuyhyxI5A23g8EVs0uYxt7pzd/M0kpBPA6CuqCSRxzet7kAzmmQncAuTSBE0ZKMMGguN3ojodPYtD97PFZvc6Iu6aZdWXy8NnpxSabN6crRcTRstUO7YeUIwRmuX2bvoxqTUbNHPeJ9HeA/bLdC9s5w+OSh9/Y+tdFGrryPc460X8Xc5snPsa7HaRz3aBjuGBwam+lh3vuAOBTuSm9hM856VICueBzQIBgAZHNOLsNK47PHTpRcpq240jPNIlDug7c0ALHgk+lPYAD4bnpSsBat5AkobP5VaemgvUSbDzFE3Ee9J92FyIf3RxUgek/D27sPA9qNfvrCLU9TuVaLT7e4+5CuMNOR3POB+J9KTU3JRg7dzOUU1qZHinxPN4mug8wjjWNdscMMYSOMewHc9Se9d8r2t1Eo2RtfCvxS3hfxD5oVpBJA0RVDjJyrD/0GvLq0vabPY0ezXc5PxROJtf1CQRiHzZ3k2f3QzE4/WuqS0TvclaLQx8s4Kr061MShoATigZ1fw0tnvvGumAEfuJBcDd/0z+fHvkgD8aWltSJN6IzfGevzeI/Eeo6hPMZZLidn3kYyo+VeP90LQvcXKil3MCadpAoZtwHTPakPYixuFGzHbS46E85qblJXRbDgjjmpZpTV3qa/hjxCfDWotdRgeYY2jDkcqG4OPTjvUNOUWjsp1IxnzNbDdb8SNfchjg+tZwp8rubVa6lZo52SUyMcniug8xttkls2ZF+tMl3lI37eI3t5BGxOCeT7Vj1ud8VzdSa9H2MvHu3DJxxWer9SpRS6nMzHMpxzk11I4JRb1Y8R4XpSuTZoWNMHn8qDSNriuqgcDBoQ5O2xdsbrYQCeKiVjop6IvifzO/BqW7alpWT0JRKI2+9UpX1G53tFo0rHUQgYOBLE4KvG3RgexrBxTldblcybtIwvEPheS13XlkjTWDc8ctF7N7e9dkaqb5G9fzOOrRlFc3Q5zr1ra2lzBJLcUE45o6E+Z//Z', '778307347', 'barcode1', 2, '', 1, 0, '2018-08-16 02:38:37', '2018-08-18 17:32:14');
INSERT INTO `vs_voters` (`id`, `county_id`, `district_id`, `precinct_id`, `polling_placeID`, `center_code`, `center_address`, `voter_name`, `voter_gender`, `voter_age`, `voter_email`, `voter_contactNO`, `voter_address`, `voter_photo`, `voter_uniqueID`, `voter_barcode`, `voter_verifyStatus`, `voter_ballotNO`, `voter_status`, `voter_role`, `created_at`, `updated_at`) VALUES
(10, 7, 2, 15, 3, '102', 'pardeep address center', 'Pardeep Rajput', 'male', '26', 'pardeep@hotmail.com', '7508531364', 'jalandhar cannnt', 'data:image/jpeg;base64,/9j/4AAQSkZJRgABAQAAAQABAAD/2wBDAAMCAgMCAgMDAwMEAwMEBQgFBQQEBQoHBwYIDAoMDAsKCwsNDhIQDQ4RDgsLEBYQERMUFRUVDA8XGBYUGBIUFRT/2wBDAQMEBAUEBQkFBQkUDQsNFBQUFBQUFBQUFBQUFBQUFBQUFBQUFBQUFBQUFBQUFBQUFBQUFBQUFBQUFBQUFBQUFBT/wAARCADwAUADAREAAhEBAxEB/8QAHwAAAQUBAQEBAQEAAAAAAAAAAAECAwQFBgcICQoL/8QAtRAAAgEDAwIEAwUFBAQAAAF9AQIDAAQRBRIhMUEGE1FhByJxFDKBkaEII0KxwRVS0fAkM2JyggkKFhcYGRolJicoKSo0NTY3ODk6Q0RFRkdISUpTVFVWV1hZWmNkZWZnaGlqc3R1dnd4eXqDhIWGh4iJipKTlJWWl5iZmqKjpKWmp6ipqrKztLW2t7i5usLDxMXGx8jJytLT1NXW19jZ2uHi4+Tl5ufo6erx8vP09fb3+Pn6/8QAHwEAAwEBAQEBAQEBAQAAAAAAAAECAwQFBgcICQoL/8QAtREAAgECBAQDBAcFBAQAAQJ3AAECAxEEBSExBhJBUQdhcRMiMoEIFEKRobHBCSMzUvAVYnLRChYkNOEl8RcYGRomJygpKjU2Nzg5OkNERUZHSElKU1RVVldYWVpjZGVmZ2hpanN0dXZ3eHl6goOEhYaHiImKkpOUlZaXmJmaoqOkpaanqKmqsrO0tba3uLm6wsPExcbHyMnK0tPU1dbX2Nna4uPk5ebn6Onq8vP09fb3+Pn6/9oADAMBAAIRAxEAPwD49j01gcgZ9ay2SOlO7blrYtJppLAFevtXPGGt3uO3tNUStpDIdo6Vu43940i1DVspzaSxBO0VPJf5lTneNomZc6cVJ4xQotJ2RnGnb3mzOltj1Ck0OLlG0iIzUW+YqtCc9OfatOXlimio2ktSW3uZrSTfHIR2IFCstAtBux0Wl+Jy5Ec/P+1SsnsNSalZ9TqrG5WZQysGHrScLO5rCfPPlNy1bdhd1VZJbFzko3djSjCJjK7vek2+ZGSXNqjVsHDMAMZpt6akWa3OksZGwNwwapKysgine51uk3ohKHP5UJ31KmnFOx6F4U8TPb3CeW5XByOeM11w0tY5nd62PcNE+Il0lsh8wqwH8Jr0YwVro56lnsdX4d+J9vqkjW17OqydBuOM11LkUdNzgnGadkc98TvCdj4ms3mjbbdoD5ci8/gfauKvH2q21OmjUqLTofNmq2kul3TwyoUkQ8j19683ktpI73eT1ZS5uQQKzsmCm4sb9nkiPzDjtWfLd6DdS+xE1uxJO7HtRsrGjk7WJbazyeG6Vq5K2xndtpXOhsowsY3flQ7Sd2attP3TRg5xtA+lJQj0LvJrUZdW5Y5A5qZRS1Mm5XszPayYux6CrspI0uV/soLkAYNUoNx3M5TlHca9koQluSO1J6ySQ/aXWg2C3XcNqn8aUtdUKMpa3LToRHxwfSsrJFxfNoV3jMq4YYxVystUwi0tCaxtsyjvjtWtO3UalzO6NpU+XaSOK0bTvcfNJK5XkK7sAlsUa7CT2aepp6Pcm1bzFGD7nrXRa8ddhOLu23qeoeGRaeJ7byiAJP4lY1tKmnD3VoYe0dPWRmeJPhTJZyfabVg0eclPT6VxvD1OiOqGJUlZD9K8LSTRBTETx6UKm43VjZT5W2j81rTTC4C4rzVdK7MYpN2ibNroYk42cjvVvujOEGmmi/8A8I7ujHAH4VCk7vQ3dPUo3Xh35SAmTV+0M5029mc/eaMUJXZg+tEnZWj1KUJWszCv9KWInjmhRlbmMFFt2l0MK8sir5AzjrRzPqD5aeiZTeFl+YDAxzVWuc2tyER7Tu60ktbHROWiL2n389k25XYL6Vq5J+pEL6tbnW6J4qRmUTEIx4yTwabhFK6L9peXvndafOJodwYHPeueerTRtUlpobOmqu4EOFJ7UpQT3FKaUdjoIrkW64zuYVUYXVyHWelkaFpqxJXauDVRikKUubSR1Oh6qVlUcBvat/aNLQwd2rLY9F03XJFgA3HOOtdtOpdaHO9XYr3OrzJOJEdldTkFT0odTl2ZTVtEd54W+I8dxbrb3kmHHGT/AFp/WXLRnMlK+pR8cWFtrUDOgAcZKtjoa5J0ak9UzrhZWbZ5SHeyuCkiYwa50nHRjvfY3I449QgG37xHBFaKD6EXcdzMn06aOUqylR6+tRNcurNVrux9lbFHHqaxu72K2Z1Wn2SzAZFOw03F3NqHTURQdpxTv0OtqTQyezAQlVGfSrS11M3F3sc9qW5SwwQTV7aoJRa2M9N2fepvzGLT3kPki3/NnBpKVnYuMLO42JNjHGT9aIpdRSaTuTFMrnGDStbVCV11IpEZyABgCqurmihaXqWtPt3RixU80LV6GqaW2xfuNgXk7T/OuiN+gPTQpxhGf2o5mtDPk969zQjTZgHAB71opN7FOLb0NrRLuezu0khk2OOhWtqVaVPUxdPm3PdfBLyeJ4Fin4focivRliIuN4mbp+z1R6bpngOxs4huXLmvFqVuZle0d7n43abZr5aggH3rzWm5JrY6qa5VdI67SdBSSLPXPOKylVUdC4K2qRsf2ApUbVGMVPM3G6HCyuZd5oJRx8uPwrWLV9C5Ncpg6poS7WDDnHUdqSbb90NNzjdU0NQTnnNdrm+Wxi4to4/UdN8hm+Ws2tdTBR6yMN7UjJBOPSiS5dDJq/vLYptGQenFCTsEbN2ZEY2VuOBSsnqatuF0h8aM/IOMd6afQzmna5u6T4iutMcKH3J6HvWkYqWjNI1bHfaH4st7x0BcRueisetTOnKO2xTs7qR1K6gJD1+Ud6cHa3cUYqL1Zfsr4K3ApuWmonFXOn0i8VMHd8x5zmlZWME3sdvpOrxsgDScAU07EtWLV5q0O0lT7UXctyVFt6GW+s+TMHVxilqUt7M67QPGCzR+VO2QeASeldUaqSUTnnF/ZLGtabbahDvRQX6hh2rGUuZlRjZqTOesZbiymCsu0KcH3pxmos1kkmdxYaZB4gswI2xL6VVSSkr2FzS6mLeaJc6XdGOVCgzxXMh3Oj0SzaYLnpWnLp5nXFNRudPFpK7cMxI61EoWVzo9ppoUru0QBhxntWadloDZyOsoVJHQjvScnJ7GM7NaGCisJc1oloYczloWwoIznn2pbaj5ndpj4VXd61s2nEaat7xOBhjhcisUnJDSi3YaluXbcTWikorUctEX4T5SYPSm7Jc0R/FG7IJWWUkManmbNtrERiWLBJ4pxT3E2ty1AxkKgDNaRcbXM+Zo6PRx84JX8a1cly3RpGV9Ge9/B9R58ZOARzzSTbjqc9Vt7bHtNcpzn4Sz3fibwZdrb61pMqJn5ZNhwRxzn156HFZckZyai9jthObTR3Xhj4k6RcGKGeYWk3QpN8ufoelYVMJUgnNq6NIVW/dkeowXtpdWKtEytkZBB606coJWe4tVLyZTunjZMdahW5hv3ne5y+sskQYcc9/StHFr30a3jLR7nCauvDDgiuhSvqZqTleNrHIalh9wP0q0ramTgnDXc524gCscHrUud3ewkn9xmy25zx0qW2nqRJpJt7kLRADB7d6q3Yjn1UuoALs4XHvSS7hKd9FsRghuTgkd60Ta2IvbQfHKUfqRjpiqd90XK9TZaG9o/iu804lSxnhznY54H09KdoyVm9SE3Fand6P4ytLwBQwilz9xzjP09aw5JWuzTnUrKx1dnqYOGznPbNCd1ZAqcuhv2mpEqFU/j3qrvdmVr7mjb35RcPJx79aqTTC9thRe72AIGD0rO6vYaVtS9aX4tpOMkDqQaV77EHWaN4p2nZJ80Z6c8ips76MvlvZGpcvHdruTABqIp83vbjUG9i3oWpXGkXcckRwVPOehHpXbTmk/e2MZwfxHtWkWuk+PdKX5QZsYZSPmQ16yoKcOY4Y1JxdzQ0f4YXFs2xMFc4BK8kVwyocsr3PShW0NG98BXNmpO0n3xxWM246HVCUWclrWiNahiwwRzk1wNu5tKUdzzLXJS8rADGK6FHlfMc0nF6NmCQVk5NVzNmb921iePbnpn2qZR7j5m3dmhBEqJkKTn1pJK5Ki6juSeSxICggms78qb6Gt7NFiCA7Sc8ipm9NEWopasUw7h3OaUW4uy2NNURSw+UMnn0rZO+o7vsQoHlPCcihyaY9HozStIyRwmCO9apJWZEop6Jm9p8flgMTx1quZN2RnJtO7O48PeLH0l49jEH1HauiCbRPI5RuepaN8UJJIR5rA4HU0pKC+JGXI1qeSXnhDSdfgMOoWNvdI4wfOjDfzFeS4xt7p0Sm+queU+Nv2NPBninMtlG2lXBGB5H3PXkf4VrTc6cuZPcJSjJbWPB/FH7JvxF+HrST+G746jZL8yxwudw/vDyyCp/Ac4rpdSFVe+tWRDmTvucA/xA8ReGpltfEWlS20qnDFo2jY9cfK30NH1eEo+4/QVpw0lrfYuJ4+0vXVBW6VGP8ABJ8pB9Of6Vh7OcPdaKt0uZ2oyo5JRww6ihJNeZ0puUbs5e+j8yRiOTWqa5WmZSqLlTjuYl1b4bb0NRZNXEr25luUpbZjx0FLRKxjytayK8loc47U4+RlLe7IGt3ReenoK0k0+grESwbDwB+NZ7uyOiLSjceLV/MHFOSsRGLcW0OkidTjoPaqtpclR3YsRdAzAkHtRqkSkpPsbuieJ7uyIBcug4w3IFDte1jZyUY6bneeH/GcF3IqyS+Sx4/eHAP40OFtjn5uZ6nX/a1IL84FLYa10J7a9V8bSfoaxk7O5tayae5fhugGAHNXHYysa1ncnaCCM/zqNW7orm05WdBpWpuJAjthfQ1r6i5nayOqtPLlVfmyKLDUr6M774d3U2m6tDJDIw+YAqP4hXdTqulHvcwqUlPU+yvDEEbaTbXBTEkiBjntWVabcrEwgoo057SG5jKSRqynjkVzm1zwz4s6ItiZVgHy4POOKylC0rrqaRlfQ+c9ctAJ2JODTTkyZW7GDIAGHGaqz3RVmnqaNlAhG7ZzVPXfcbtsaMURY8DBrO3QcbIuwWuFLN1FRy8yNNXKzEEY3HA4NN6FXdrEyWmHGR8tJJbicrIimtjvIK5ArX7Ny200EUA5C4FFou1y3pYsRQHcQTj1FOS5WS/ddy7AQPlAzVJuLRlJt62NG3kWMgmrjUs7mvSxqxX+1QVbAxjg1bqXYJNLlNnT76KVFKuGyMg561xXtoZN23Ne3mHGCM96uxhJlpnjbg4api77olNtnO+JPBOieKLZoNR062vY24KzRhuKfJyvmW5rztvU+ffiB+xX4V1vzZtGaTRLhgf9WWdPbgnjpRGVWK3uNODbuzwLxd+zB498FSObFDrNooJEsRBOB/s9R+VdDqU5rVWLi5QTd9zyfULm/wBKuWt9TsLiykUkHzo2TODg8kc1goPeLui5wUldPUia6gvAPLfkdjVyhKnbQyu7e+IIMnGc1C1epovfbu9B8diJgcDB9MUupMkpO7HDTBgghR/OtnayM5yS91IibQmkUAJ36is9E7oS5mrItQeG5mUEoSe1Ds3dF3cI6Es3haVRnyySegxTukrXFKTkrdym/h+WNgrKV+orTl5leLEpWd2tSJ9Bli/g4PNTrciXvNspSRSQSbeR2qm+xEl0N7Q/F15pmIpc3MH9125X6H+lJ2Y722O60fxJbXw/dyD3U8MPwrFp3uU9VzM6GC6Bwc8etKDT2Id0advOQAS4HpTuk7i3L1pegOCzEkHtV3u7nQ4+7ojsdN1XYo/u9qlNuRkoNnpXgbWhb3UT5AORVJ3lqQ9z6u8CfEyxn0+K2uXEbqMA10uKnqtzG7hvsd1DrVrdxloJVk+lR7Np6hKokjzXx9BJK0jTAtE35VpKAQmpM+dPHGivaytJEu6I9z1Fc14p2Om62OFwzSfNxQ7dCbt7m7ZQbkUjBBFRHVu5TfMrdjUtrIRuM81Ny4x5kXjGrYG38hWUW43OpRdriGHyzjbx2NUryQ7W2ZD5yGXaGyfar2Od6eYsql+ADn1FNPm2HTa3JY7boMc1K0L50ndEptmB5A9q1TTRestUSMPLUDgGs7dzK93o7kDo2372fpT5rGqV3dkbamloUWWZYwTgb2AyfStE76JGvS5Si+H91oTB9B1e5swBxDI29PyI/pSVd/8AL2N0cHLF/DKzEj8T+P8Aw44a80i21q1BOWsnKygepGMH8BWrlQqfC3H12MJKpBa+8bWkfHbRZyYtSiu9EuV4aO/gKDP16fnir+rT/wCXfvejMvbw9DttO8SWGrwiWzu4blDzuicN/KspxlH4kbqXNsWnmEvQgg1KfQNOpWliWQ8qM0bB0OW8TfD/AELxRbvDqemW14jAqTLEGOCORnGewrPlVtCozlE8F8bfsT+G9VMs+hXNzos5O4Irb4u/8J6fge3StHUqxjZM09orNW3Pmz4ofBvxb8I0W5uVjv8ATg4T7VAeATnG5TyP/r/hVudGz01JTdteuxmaBdfabJZ5owpJwa573ZtNJQulublnZQ3TZG084J9KbdnYXK04nR6d4TR51UjHAPNCbauTeUryWx2Nh4NgjQE7SD3pOKZnzczsbp8AwT2wZUGR0wKzldR0Je5n3Pw+jngKvCu5ejY5rZStqU04s4nWvB5sXAcDYe4q9W7hJtnE6zoSB87QB61cXb3txWauc/caW0TEqODUX1uxO1tCJYJYJUdGKSDoy8EVpJroLU6nSvF8qlYr4bivHmRr1HuP8KxVNboOZxsd1puqQ3cKNA6yIfQ0muXcTfc2bKZTKDtGKhq6ui+Z25TobG6BYKWA7itNUtB3s7nXaDqXkMqh8kdKEKa10PR9A8RzIVIcj6muhNRtqZtXPYfCnia4MCyJIQw9TTlPlacTOUL6I7tdetda054rlVEmMEGtXVi1qc8ouLPHfEEMdlqbwz4ms5Dw552+xrOPLLQ2vJK6OS8Q/Dpoc3diDLbH5tinJX/EVnVozp69C4VU9EyTRtAY23ERG3uRUJWNlFsv/wBjy4yVxWckkdVNrYg+zhPlx3rOSsdG6sEtplc54rNTYmrblV7YKx2oBjvWj01MmuxOqKqgHn6UKKvcxfu63JFhUfN0PpWjSSTKauiQMmORgDrmonLrE0S6JmRrniPStDeNL69htnkBKI5yzY9AOacXOavFXC1neJ5541+MFlYW15baNPb3OpRReafNYhEU/Tknvjj9apU5Nc70Nlq+W9j5v8X/ABz1y9u3AvonuUBEYVAFiJ4JGcnP1J5wa7Kc1Z6WMZz5VZan37bpuwScmuWSucvNqX1UbSMA5oSXUakmQ3+g6drFt5V9aQXSH+GeMOB+dSrxleLs/Iybbd2cZffBbRDL5+lyXeh3Gdyvp87IAf8AdOQB9MV1qvUUeWWvqQ6cL3joRR6X498N82up2niC3UfdvFMcp/Ef1NRei9ZRafkUuez6su2vxJurMouvaJeaW+cGQASRf99D+ma0dGMv4crkOfK/eVjptJ8UaVrS5tLyGfnorc/lWMqcofEi0+ZXiy/JNHtIHzVK1C9z56/avI/4VxeKp2lriE+x/eLkH8CaulGMpq5dJtTT6HyPpelTz6cgUgJk4GaxnpJqx1VJx1sK+sav4a01USxDW32kzpdyQsVLABSm7oRlRkfWppxhNyu9dvQwcry0emx7B4e+JFr4hhb7foFst0yKftllcFMtjupBBHvminSVPRMzdSbSitjt9FvNIf53jMExXAfbu/UUNSteLLtdXOy0108tShWRenFZyto31JaTWjsXryKB4yTGBxTitxdDzXxfp0cuWUZA5x6VtBp+6N3SPONV00GNgQOenFNqwtzmZtALOcLgChyeiK93l8yCbw+25jtOPpVJxitSFK6MyXw+7t8qk8+lJz0NL3d2WraxudMZWRmRu+DU37k25nc37DxXLaYFxFlR/EtVGKtYzbaOg03xVbXUo2SqzehOCKUlKKsyk9DqdI8Qxi4ADhiD1qUnbUbPQ9M11RGhDYPan1Ivqeq+AfE0Ys5ElfBByCT2qr2NFrqdbF4iS+jbyXOQO1RLRXEkt2YE2pvdytDKCSTjNdNHlqLXRim0kdJ4RWSzlELgy278BW52/wD1q741tPZy1OOVNbo9k8O/DKxtwZ7hVfzBkRr0FcFWSvZdDeF7XbI/Fnw4smsnmtU2FRkrXLJX1R0qdtTw3VrAWF06Nzg1kkrHVz32Micgk56DtUuOqsW6iUdSqsw344x3rR7WME10K93qUNojOx4HoKl90T01PIvGf7S2geHpGt7K5GpXWcFbb50UdyX6fkSa3pwnL4jTl02PIPFv7SWuaudllL5ayN8kca7QuDxnqT68n8KqMFf3mOC5o3Z5zd+M9SkvZ9Tvrx579hgNJz64P4Z4HSt6laNuWJ1KKjCzOJ1DxReYlSOV8ytukkJyXPvWCm+uqRzTcYvlM+MpIN2D833tx9aHUdzDkUn7p+oul+PNIv4PNS5CKDhvOBjwfxxT5Z81rGM3ybnSWmoxXEYeKRXQ9CpyDWbdtGTF82xpwzb1GCD9KqwywuGIHcU7PdCvbQkC5OMcUmgvca1ojBgVBVhgg9DRZWuK9zntU+HOiaruL2McUh/5aW48ts+uR3rRVqkepEuV6syJPBmuaGh/sjW5HRcnyNSHmr7AMBkfhV+2jJe9H7h2tsz53/aW1nXT4a+w6rZxxRySqftEDbkLBgcY6jp39qmFk3KBdFNv3nZnjHhgK2mIrKSMiuVycpeZvKFlufoj+zDpFjf/AAO0OC5tIJ4We7zHIgZT/pU3Y1Hs1zSZliptTWvRfki/4o/ZC+G3iuWS5h0g6Fevkm40iQ2/J7lR8p/KtlOcdjnclKNtvQ8w8RfsW+KNFRpvDHiK11qNR8ttqieRL/38QEH8VFac8JaSh9xqmm7J6HnOs+GvGXw9lP8Ab/hfVLCIEA3VvEbiD6748gD64o5ITVoS+8nV2bINL8axasrGK4S4Tp8hyRUSg6asXuYvifXbLSlRr25itRO3lxtM4UM3XHNRCN0Nts5uS1W6kDLh1bkHtVOVlqSmOi0Lzj90c0J3KLqeEHkKAx7geuKnSTdmTdRVy3D8N95GEwD1zTdloWpWJ7/4VkxblXgjrWUpNaJDbujldZ+HbxQMGQkeuK1i7bknneqeHJbUkgMuOw7V0KfLqON9ipo2o39tq1nCk7kyzxxBGJwdzAY/WtnyNCklZrofSmmeGnRVDyM3HWuJO6uiFbRo9b+F3w2vNc0fX5rKUrcWqIULZIBIJ5HfpU1bxjGRonu3oZ3hXxTfiR0uoF3p8sioCpVh1BFRFpbhY0YvF9jO5ZpApJyCKqMmnaPQl6nb+DPGNkLhN8iEA8Fj1rdSfUiUdND6O8P+MNM1DT4StwkZCgYJ4/OqlFttijLow8R+I7eLS5xbSrNKVxheaPZzSukVzq58zeLdcSKS6uJ/kCBmYegHJrkcXBbHVGSvY87n+IEFjDpsmpKLNL9tqSBtyI2MhWbAwSM+3B5rW1pOPVFXtDUTxV43sfDWlzX07N5KAcRjLMSQAB7kkCspNbdWEI2Plv4tfGPU/GEMllbymytCMGCNyB/wI8bifyHp3oUeWXM2bQs/i6Hi7XaQhjIw3AY2k11VKze2rNHLnVzGuvETxy5jk247iudXkc91GTuZtz4jmuXO6XjvVPQHLndo7GfJq5JKrwBzmmovRlte5zNajJdSaRSwcgenrWjcrtWMW4pabn60Xfg/S763dJLSERyfeVFC57c4qY1JRtZnO1GW5yH/AAoixtJTLo+sarpEpJOILklOucEdSPxroliqk1yzin6oySSlZaHoPw50HWdCW5h1nWjrEeR5DtDsdRjkE5Oe361zVJ88/cjZGyVo2buzuPIXqD3qbvqZ81nZjygBGetWn0FLbQeFz05zU8vYOlxAu3oPzqH0ZVkyvdf6ps1oiJPVJHyP+2BcsPCsCJ8p+2K5PHbjH/j2fwrejH33JrpYulBSm0jwrw27NY2/JyQOK5uRRk9Dqmkrn3Z+zp8UNL8O/C/RtO1UXNg0IlIuZ7ZxBLumdiyuBjq3tVRpylJqGp59erFtOem3T5H0FoPivTdchEmn31veJjO6CUOP0NU4yj8SM01NXi7nRQXgx1pNhK5ZE6Ou1gGB4OalxT1YKTWqZ8nft6eAvDVn8KbjxLZ6TaWPiGC+tVj1G2jEU2HmVWBZcEggnrXVhox55J9m/uTZ1U5c3xdDj/hJ8LPDXxm1HVdK8SWjXtnDaiZEEhUo5fAYe+M9a8275Y66shVLJuxV8VfsB3Xh5pbj4feK57BMll07UBvi+mefzIrZOV9dSebTf7zyzWdD+JvwqaQeLPBMupWEWT/aWineuB3I5HTn+GmuSOsnb8f+GNb+7dHV+C/iV4J8SypbJrVvY3wby/suon7NIW9FD4DH2BJqZRkvejsKM1LY9s03QbRYgvljPrjmsm7z1CK6kt/oMD2+AoUiqsk9WVtqcR4i0GExsOBitEidd0eMeL9AjgZ9hXA7Yp25VqPmueT3VsbPXtNk28LfQN+UqmtoS10ByXKz7B0/Sw2BtOM1yxX4Cv2PpL9mjS449O8RxsuRK0IbPptcf410yu6Mb93+SC92bXiL9n/Qrm/m1Wxja3vnYtKFYlZeBjIzjIx1H41xSi7WvoaJ3kmflTN4g1TwJq8tnBcHy7eV4ZIZCSrFWK59jxmvTik1aXbRm1WD9pKL6O33Hc+HPjGs7KDIYJu6Mev496z9m2rrYx5XbU9n8DfF2dV2Ldl4+y7zx7c1cm0kupnZJ3Z39r8YZ7Jt4kDxdWR2wMfWrhUlB+9sTKmplD4k69ZeLvCl5daTMq3jqEZVxuAyN4I9ducVdanTnFOMtyY1FSupdD5P8Z/EO90K1XTpI/tNnEw2LP8AeQr0IP0JGDmvOnvyXszujG8ebocR4r+Mc+seHPsDuVCupRd3THIBqXBXV2UpJJo8d1TXJJJWO88ehqlpuOUru8TEm1GSRSSSKpqyuWnGXvGa8xYnJIz60ldrQl0/eu9SuxOSBzTdk7lRurWGh8HnNNJspvmjYAzYPalJ3ZDjZao+rV/bk8XzMRFp2jrg8KYpWGPrvFaQVD7Td36f5HOqbhfnZpWH7dPii1mCz6HpV0Dz+7llhK/nvz+lJeya0bMXd6s9j+H37afhvXJIYNdt5tClfjzSfNhznuwAI9emPesVTnF3jqjTRq70PpfS9Ztb+2iuIJkuIJFDLJG25SD0IIp8yZDjrY2UEcoBUgihJrczd72ZKIRjA4Bq/QUkkyCdTEjY5Pajd6hbseVa7458WaHcXa3nhCW/sEY7LrTLlHZl7Hyz82f8K6nCjdKM7Ps1+pHNVjHmlH7j5p/aT8XQeK/C9tJHbXVmEv0R47yAxSD5JCMA+46j0pRUqc1G99Hs9Dow9RNt2PKtCkKW9ttJ4wPpXKrt3kbyS5rI/Rr9nuGOT4MeFhIisHtCzKwyCS7E/wA6wpvWXqclZyvY6nUPhV4U1iYTvo8Ftc9RcWJNtID65jIz+Oa7YVatPSMtDnXK73X+ZEvgTxHo5B0DxrfIg5+zavEt6h9tx2uPzNaSr8z9+C+Wn/AHGHKtH9+v/BNrQNX8cwXq2+r6XpV5Ccf6Xp900ePrHIM/rUv2MldXX4k2muz/AK/rqeB/t1ePrOf4Zz+HLmC7s9Tm1C0Mcc0DCOULMrErIAVPAJ654PFawUaSlJu6af4qxeHneaUrp6/l9xg/s5+O7Xwd4j1Ge9tryWzltArz2ls8/kYfO5wgJAPrivPhBz5UipyUb3ufUnh74h+HvFy50rWLS+bqYopR5i/VD8w/EVvKnKGljG19jXdI5cggEHtWN9NxpuOqPOvH37Ovw/8AiSjnWfDdpJO4x9qt18mYcddy4/yB6VEo6XW5fPzaTPl34y/BvxP+zPYWuq+AfG18ujySMp0nU1WeKMKjPgbsgDCnoAfetY/C7vbv+nma0o8ztF/108vyIPDP7Q/iO58HabrGs+EbvUrGUSR3WpaNGSkEqSumGQ5HIQNjd3/Mfs3K8dL/ADNHGSdmzQtPi54f8YIy6dqUTzjO62lBimX1yjYP5ZFNpqPMS5KLOP8AE1+k3mY5JpatAve1Wx5Vq7L9vs2zz9rhP/kRa2pWU0O2h9xafYb3O1e56iuODbu2Skup9AfAO2NvbauCByYen/A667/u0vN/kio2V0j1gjismiz8Zvj5o39lfE/xVbcYi1a6TAHT96x/rXVJWpQ9EXOblOUujZ5c0q27cnaR1Oazi3t0Hvq9j0r4barDFfeRdXPMgBjyflPXPP5VNRO1o7kSknoj3ux0sXEaApuHYGufmtoxRdtjiPiFPdeDdXEwZo7a9SDZ/dZlchlP0DBvXANEJXm0zVqL32OC8d6bba7byykAMy7oplPP0P0P+ea35Lq6eorv4eh84eIbW5sbmVJlZCDQ48u4SWpgOHlXaoJzWej3NIJqV+wv9myFcFSBU8yity1SlJuSRXm08huTj2pcz2RpT/vLYT+z9uecZ6Gs1NPQ2cOXUha0C8+nrVqd2W2nHQhljZecU+fUhRb0Y6G9eFSVYKcdaejdzg2VrCx3zsxfOGPendLQhxaNO31SZcA4ZSMGjm5dSo0+bc7HQPiVrWipDFZ6xqVrDGNqJFeSKqD0UBsD8K0hUVm7f15nRaMYuE0rnsPw7/bL8Z+DtSgS91B9f0wNh7a/IZsf7MmNwPuSRTnyzaktH+ByJOMXZXPvL4UfGfw78XtDN9otz++iwtzZTYE1u3owB6HsRkGsG2pcplONtnodrJKGBB6Vt0ElbYxtUI8h+B0qbXdiJXWx8YfteZTTdKkXbj7cqnA6kxy4/l/OnC15czKpb/I8d0SYBIcHnig3d76n6Afs4+NtPvPhnpen+YUuNMtlW4DjAHU5z0x1rnSad77nPU95uSPX9G16x1eBZ7K7huoiSu+CQOMjqMit2pR92SsZ3srmxHOA3XmhO25lzNlhbnvTKTstD5r/AG75Vl+DnJ2ldUssH0zLW1Fq015P8jpoayTfn+RlfsdSLL4h8RPuy8dnAD68yP8A/E1yRXuL+u4qjskfQ3iHwD4c8VkNqmj2t3Kp3LPs2SqfUSLhgfoauK5ZcyepyNRm7yV7GGPh1qWinPh7xdqtkAMLa6k32+DHoA5Dj8Hrp9qpJ88UyIrlVov79f8AgkkWueOdFYjUdCsddtx/y30W4MUuPeGbAz9HNZONNv3dPxLleL2uv66Hif7WvjzTvEHgD+zGgvdP1I/aMWt/bPC/NtKgAJG1slh0J9aymuWKd9ztw9nJW33/AK+86L9g0o/wOnjcAqdYvAQec8rSfexNZuLVmd58Rv2b/h78RN82peH4Ib0ji8sh5EoPrleD+IqFTjBe5p6HPzq+qPm7x1+yB4i8Omafwn4m/tCDPFjq6/Pj2kHXv1Fbe+rdfwf+R0xlGWiZ8zeJP7X8OeI4NI1rTZLDVEuIT5bYZTl1wQRwR7j0relyuae2qHum0fo5pOmKCSBkZPXvzXIkyZXPafg/b/Z49TAGAfKP/odb/ZX9di49T0apKPyW/ax0tLb42eNUjUhTqTyHJ7sqsf1atfaKVOFt7W/FnRUShPXsvyR896hasGYj5s9qlNv3UY77F3wloj63epHkgEhNiLvY/QfSun2jpa21Mpw5lqfeXgrw5M2m2z3cW24aMM4P94jnArid2wTlFF3xv8MrHxj4dutKvrfzIZl3KRwyOOQynsa5qtO+sfiNoWej6nw946e8+G+s3ugyXC30aFfIlYbWZCM8j1Byp91NOjVlLfdGySi9OpwV9qMGvo0NxEFfoG7iu2VTmM3F30K+neCJHLbRvXqGx2ric+Vcx100k7tmhL4X2R7TgH0xXLJ30R3r4dTFv/DqLyAMVqotK1wX80tznr3TxESO2azb9m7Cunqyi0KHIxV2bs0ZxSvzMb9jUqcCkpNl6ct0zky5Irs3PIvyXRNCwPD8VOl7jlNz0RZjuPLfAO4Vo9jSD5o27F55wIkcZzWaXS4mpRfM+pNa3qyOMkj1q+hjrFHffC74sax8LfF1lrOkXG25hISSJydlxF3jYDsex7GhxUrJ/wDDEyvL3nufqT8P/iRp/wAQ/Bun+ILBv9Guot+3OSjDhlPuCCKmnJy0e5nUXKrx2Mq/+K3hyRZoTqUcMy5UpcK0f6sAK7Y0ajfwmSmpLQ+Tv2stWt9T07RpLSdJ4TfbhJE4ZciKUdR3+eocIq6lpY3opRm76HlHh4hzDuPOBWENXZms27n6RfAyys0+EXhTFvCPO0u3aQrGBvygJz69T+dc9OHK36u33mGIioVZQWyOll+HWjXGh3ukQQvY2l6xaT7K5DbjjkE5x90cYxx0rpU5KamnqjnbUly9CndfDjWtM0vR7PQvEl5p66fIWZrpRMbhCSdrnjpkgcYx2q+bmlJy6/mJtb3LNzdeNbPxJEkMGn3WgmE73LkTrLzjHQFfuj86h6U3/MKO77Hzn+1r421XW/h7Jp2reHrnRzHrNqsc0rbopwC7blbaB/COMnqK1py5JPkV9Hf7jWi7XUluQ/so63rdhrWuTaVpC6vG9tbrdD7SsLxjdJsK7uGz8+RkdBzWUYp2c2Kq3fl6H1hoPi19Xgke40u/0loyQyX0QUnAzuBUkEe4NE1yve5go3LGjeMtE8REjTNWsr9gcFLedXYfUA5H40nGa3QWZuKR2HNGqRLR4B+2kgX4RXM4VWkhlXG4diCp/LOfwqLpu0tjrwyvJRb0MX9ijwjBrPwca+S7v9PvBql1GJbO5ZBgEEZQ5RvvHqprTncVy9P+CFWymkfQtjpGu2Eu251WLUrX1ltRHN/30pCn/vmhzUuhzVEnsZfi66j0rSpbu7LLEvDFY2fGeMkKCce9RF3HGx+dn7S2q2mq/Fi3vrG5iu4I1toxLC+4ZDJkZ7EHPFdFCSVRPzR1wXuaM/QrS7MBcgdz/OueMlK5D13PU/hnGI/t4AxlY/8A2etFsXHsdzQWflX+12jL8e/GXAIN0nT/AK5rWrcXQil5/mzaprLfovyR4NdQBudo+lZJPoZ2R7j+yH4Qstb1/wAQ30tsjzWKW8cbYyAZDIWP1/dp+ZretL9zG/V/lYzakp67WPsrTvD67V3JwOlc1+wxnjIJoXh27vJHESRRs5bGSoAyTjvXPOTWrRpBa6bn5b/HTxFH4i+Jd3cWxK2MMUcMEZ6ooBOG/wBr5snryTWuH5pKUp7t6eSOys5RskeetLvuAQefWtLW0MW3o9meh+FtWWOIJIc5GM1nNNrVaHdCKsmyxq1wIyzA9etc620R1KpGSschqWpKu7HI9PSom3BXQWU9GzmLu481yeDmohZpuQpRTdkUmYF+Ripd1El6WSGsCG+XoaiLVrMSTWyOaSw4+7j612Ook9TjVODd4jhp5ZQQPzpe2WwvZ8j0FFg4YHHPvV+1jezMeXluNuFkQr8vHpWiaNJapNa2EguxbygsAfUUnfa5m4XVyx54mmDjgDng1otLGOqjZn3h+wD49F74e1zwrO2XtJRf22TyY5PlkH/AWVT/AMDrBvlrX/m/NBV/hpxPpnxFoemalby/a7G3usg8yxK2PzFdseeEtHY5L2V2fGP7VFpa6Ouj2lnEsFu100zRoMAsY2Un06AfpVOPNGUjpoXk2uh5Z4dlDSxZPAIGawi2ndm02ton6YfBadR8JvBvOR/Y1l/6ISpitW0+5yYj+NL1PRdMkzcx85GRVOVjk+1sdoSjKNygj6VK21BnManMqXkgAAA6U5XsQj5g/bgYS/C62HGf7WtCPzY/0NdWHco3aV9GdVFx5rMyv2JJQ9/4wzyVgsAfbLXP+Fc0r2HWS5V8/wBD6vSRcjHFZpHNsjJ1TwJ4d187r7R7K4k/56GEBx/wIYP61am9bgpWVmdNpqR6dZw2sKHyYlCIGYsQB05JJP4mpu2StNjxL9stoX+CWulg6ukYZNuMbtwHP51SST1OvDu00Uv2AJhJ8D7pcjcmt3an/vmI/wBazndNX2t+rLxS97Xc+kpec55HrVKyOJ7HP6+gNtIO2KNVqhRb6H5sftZW8Nj8WEKLGhmSB22rgsQycn1PJ5rop3lUira3PTpNqDbWh+jmk237rOMc9K5na9kcsmkz0HwCu2a790X+ZrZaJmkXdnZCki0fl5+17B5fx38WHoDcxsfxhSt3Z0o28zSbXN8l+R4BdpumbHy1zq8VoOMnE+l/2FoPO1DxshH3WsW/MTj+ldEov2EZLu/yRM7Ws9z7Qs7IKo4ritdma7HPfEb4ezePtIGk/a2tLKVh9pWMlXmj5zGGH3Q3AJHOM4weRWik+bYvmsuVdT8pP2ntMi8M/GXxLpkNmmnWVo8UFvbxoUCKIU9eT827nuc1NGp7RSku/wB3kb1E421/r+vwPJIZSHzuyK2v7rubRlHlOt0C+AjGWHXvWMnZO5rCetizqGrseOSvTmsr6HW1G5zWoTGUttPHtWTtrzBbaxkucn3pL3teg4Pk3GrnuCaHOKVu5m+ZzvbRCl8c9DWMlbS50Pa6IViUbQR+NZJv4jl5EnyolW3VhyB7ZqHN30No2imib7KAB0zitG+bYxk422KU1pl+RWkW53sU4qCs9mY99pxEh28V3watdnPJJOxW8toB85+hrRO7ujlbu7SPe/2MPGSeHPjnoiTSlLXUY5rBsnALuhKZ/wCBIB9SKwxEXLlknsyY6xnDv+h+jWqXSfZ2weSK6vaJrU4dU+Y+K/2s5xJqWhqvXfK3XthR/n61snFxlqdeFTbk2zyvw/LsdQSAByWPOBXOuZyXYUkj9GfhHoz2/wAJfDsMN3NDLcaNafvN2TExt15UH3Oaxpq0ubzOaulzON36neeELLUtO+xQXGpNfyJKpknlQAsm4ZGMntkVvNpttaEc8b3seuKbR4/vuhx35p62M211PLfEHiG/t/Fk1mulNLp2zcNQEwxu/ulMZH51pPljBS3fYSW+n/BPmL9rrxb/AG38MYvM03UdOePXLaELeweXuIWQ7l5OVxkZqYzcNupvS0ej3X9XM79jttXfU/E8mnXFvFEsVl9ojuIy3mAmfbtIIwRhvXO72rKUnokx1HfTofWmiXmoNZudRjtxcqW2raMxVh2+8Bgn8qWqdjmko3sjGj+KkNrIy6loWvaWi9Zp7AyR/wDfURetvZvl5k0xRjfyO90u6XVNPt722LSW86CSNypUlTyOCAR+IrJxtuJu7PFP2y3b/hRviBcMD5an8mBpLTW50YdvmujH/wCCfdzu+C2qKOCmv3IPv+6gP9aH5/1ubYu/Om+x9NNP8vWhXZ59znfF8DahpM0C3U9oSMia2YK649yCP0q4vld7XLjJR3PzZ/angutK+IcLX2ovqTMkUkckkaIyqJPunaAD9cfyrbDtqvF+aPSw9505WP000sZt1xWG0mjkd3udx4HP7+44x8g/nTvdM0W511PoWfmB+2MhT48+LhnrLA2PrAn+FaO/sor1/M2lrb0Pnu4YiQc/lWVydbH1L+wJIkuq+O/Mba4FgFU91H2gk/mf5V1zbeFgl/M/yRLTerPte1ePIAdeO2a4b2ItoX1iVyCCAetPmuNn5W/8FMNNh0z9oqKWPG680S2uHA6ZDyR/yQVjSqK84W2a/E75rmpU230a/H/gnyHFdncQ3PNdDvuZxkpe5Y6PS7sxxAnnNclTWXKehTS5bFma5Z0OD+Nc8ZOL5Ub37meY3Ldc5pylZvmB66xGyRqRgnmsuazshSurXRARtB65rR23ZpzNxK87Ht1HanCzvcybu9HoPUEqCeK5+dLQT7EwGAPasm7t3KUb3bZIzEgbDgYoXuWuCSauxFPPNdTa5bJgrtalK+jBIYfiKIa3ZzVHrZGBqDlcqw4zxXdS11OZpSunubPw2u3tPHPh64ViDFqdo3BwceenpWlVtU5OPZmPKvhZ+lWo/D9rKJ2tNf1WEDny/tJMf/fIA/nW1Ov7SCc4q5w2SunLQ+V/2ko57XUdFhmuXupFNyTK/Ug+VgcnttP/AH1RZvmbR3UJX06Hm+myrGHPLgKcqDjPHNVCTg0S46XbP07+GE234eeFgTz/AGTZ9P8ArglctP3jkqP3mdvp18tvco7H5Qa35U1Yho69NftJFH70DPrQzGz6HM6lcxy3sjIQ6k0pK4lfY+Y/21ZV/wCFa2xJxjV7bA9TiStIK8Wn2Nqdue6Mn9iCfNx40LMSPL08D25uqwsr2LrbJI+sYbjNDOVqz0LMcoznp70coJsvwXkgPDkUtGPR6njX7X2oTv8AAvxQN+VFtkg/76jP60NtJxidWHd6iRhf8E/7lIvg3qoGHLa9cFvY+Tb/ANMU5p8q/rqx4ptzXN2Ppl7qMjoR+NTzHHocz4x1U6fpM9xHbz3rqP8AUW4Uuc9xuZRx9a0hHm0bsC2bPzd/av1tdX8ZecLe5s2itFDRXUWw7gx5HqMADI962p+7UiuzPQw140pLqz9Q9H5t1NYy+JnO2dt4LOLucdjHn9apJJFRd3Y3de1uLQNPa7mRnRWC4XryaN3YtuyufCH7anwtkTWrrx9FfR+TqE8MM9i6fMjbQgZXzyPlGQQKIzco+zb2N+Zzj6fkfHl8piZhkDHes7qOw+W6ucPeeLrjRdSuI4p3WRRtZ4nKk/7JI+taxkrXM7JO9jIXxxqE02U1K+iZRgbbuUY/Jq2VVpWKaUUlY9A8EftZfFD4fXVudN8ZaldQwnH2TVJjdQsvoVfOPwxW0KkJNucUzOUPtRepg/tHfHC8+PPjKw8Salax2V9HpUNhMkJ/ds6vIxZeSQPnHX0ry1TjGrNx2djoc5SpxT0seX6Xp5ncsQeKuTsa0oOSujaEQjIVeMda5FdydzspLk0ZbkVLeJXbHNDhGT21OiMkm9TNm1CKMnaa5/Zy6j9rGRSkvwTnOfpWkaNtRe1hJtMYb4MxpTjyornhP3UxjSjJNQo3tchJNNItAqo5P0FZRtfYc09HEUSAg5yeKEle6IckthwOcHOPam1z3OiMUouTJQu48c0uVJWFa60I5bYOSDkD0rRcyRzuzMLW7BkQMFJA74rpoy6M4p3TudZ8IbPQtKnuvE/iO5uYrfSJ7Wa0tLVVZ7ycSFxHg9sIM9MZ611OMqjVNbPd9jKc3T1jq30+R7JP+1x441rUJ2srHTo7FVaU262sk8ixL1ZmDjoOpAFbqnSso3a6LY4kktZnC/EX4hzfEW6tLqWKOFrbeNqZGd+zPGT/AHB3PWplHkvFu50qLirR6mPpblZg2Ny9x7d6SkpEN6WP0e+F11q1v8LtLNwsct4NPgNomQPl8pcBjx+HPTrXPSspK70Oaok9ep0f9u6tD4bFybJJdTD4NsjYUruxnr1289a6V8TTehMklaw/VPF17pVlpcq6RcXct1tWaKAkm3JAJzhTnkkdunWpgnK77fiEY8zavYst4thTxE+jeTcm4SHzzP5YEJGQMBs9efSnJ2hzvYzUU1c+bv2svGlj4q+E9rcWJleL+3YICZEKEOqSMeD7VpCSTcW+hrTpvmRS/YsgmmvvFc0V5NbiFLLdDHt2ylvtA+bI5xt4xjqa55tXTCtc+stKmu7awkjubpby6+YpMYRGOfugqp5x+GaXLrdbGMGna5zFrrHxKswPtOn+GdTAY8Wl1cWzEduHRwD+JrotCWzKajfQ9J0i6e4sbeS6C2tyyAyxK/mBGxyA2BkZ74FYtcjaWpCSbPJf2vIzH8C/FciTxSr9jJ2BuSdykD9Ki72Omhbnuzlv2AblV+EmuhTj/ioJtwPYm1tac2Vifele9z6aN0McHNTZN6HD5GJrlwWgcd8Va3E0z88v2x3WTxRGoONun7+vo78Y/wCA/qK3ipOV731OyhaNOVtz9NdFk32URzwyg/pUSVm7EtWZ2/gl/wDT5V/6ZE/qtC0iVG19Cj8btet/DvgK+1G7Dm1tpInk8pC7bd4GQBycZzWcmrr+uhty8x8tftPfF/wb4x+DotdJ8Q6bfXzXts620c6mYKHBYlD8wGO+KyWkoytpc3pe7GV9HbT70fnv4m8Z298sq2pPlxSgSSg/w8/lzXXGN2mgSdnY881u+R5HcSZkYkkt3okrqyOe2tzBW8YPgnB9RQnY106FyxleaQncdxP8XShuyFa7sbraPpkqaYLsyhWmzdyqx5QsMgAdMD05rGnVTrqM9IndUoKNHTc2/iVD4d0vxvq8Pg92HhyN4xaZd248mPfguSxG/f1p8sndvv8Ah0HC0bqOxyc9+kURLFmJ5zms3J7RWpCaUtzHvdZkkTYrtj0JrRNvV7g2+Zoqf2q4iIIBPbiqVnoYtSTuhovDIQWG3/d4oST2Dmaeo5HeR8K5ANJ001qbKpy6ouQwXDv5a4kY84zWMqSWqR0Kbva+hVtNaErYY1lVpcuqIpVJStFGml4rDPX3rmcbI2glrcVr5E25OKajdbEqoluyaDU48jDg1p7NrpoEqsUbenNFeSbAwyelZtSgjWnaVx3iKzW3sD8vJ4ralaUrbHLWiuW6ZymsalNBb2tuBshiBKgdyTyTXbTSV7a3OF6PUpWOuz2nmBJHTzEaNtjFcqeoOOx9KtaO4moytpsWLHWPLmLEk57VnJSsrHTGSs23qdJo2tm6eVEwSEOM/StIvVXJ5bqx+oPge5VfB2gqD8o062H/AJCWuWkk43PNly3dzoEuEK5B/Cul6GbRKLjvmpStuZtNuyGSXQZcZIx70+VXuwSPnL9saZX+HVuq4JGq27fjh+f1pxja/oa0m+ffYzf2JLvL+NcnGF09f/Sr/GspNOSN6ukUfVcV2vAz1qr9jifctRXgzwaa7i20ZeivNqjmpa1uVbseNftZ3jn4LeJdpyPs4OP+BoP5E0KyN6P8VI5/9ga6z8K/EAAxjxBKD/4CWlVLYVZ2nZH00b0hcg4rNLuc7Zzvi0Ratpc9pc7nt3HOyRozwcjDKQR07GtE3FqSLUpJWR+ev7Uulw6Rr0oiluJfMtHYm4maUg89CxJx/jVJuc9T0aK/dyufqfoDBLKAdgijj6UmmzkdjtvBkgXU3x0MR/mtGyswg7yGafdReK7zxFpeqQx3VpBMkSxSLxtKBv61yUmqilz66u3ysaWlzN9ND8vv2k9FttD+NPi7SrOIW1pDcRxxKp6KbeIkfrn8aqFvZykttTqno7HxrpWrTafeKxkKh18tj7H1/GutStqiIvtsV9YUtKGRwVbqq/w1UmnqJblW3t3eXg8+1Zpmj3sbljYNDMisfmbovc1hKqrM6Y0nGza3Om1C3itdNUStsZl4Brz1KXtD2XKKo2Zipp5m03zwSzA816UpctjyIQteTZh6iDu54HpUX5WaNKUdTJlbggVp1IV2rlfkE1ZnK6AzYTIpoiV+XQmhugCPWqTtuCtJX6loXzIwkU4K9Kqc222OlFS+Iy7VDvBANc0nd2Y6dNr3jTw8cROcCud+9OxrFud7lC5uWc4BxXWlYwcldxIY2YHAbv0qm77k8r3ibGmtdxsrxS4YHI71lJRlozWLmttztdZv5dR0m28xFWQDDAetYYeCi5JO6Krz0sYEmnvqcAL9FOOOorVyVN2JdNyhzpXMnWLSCKZEt1xhfmHvW/Q5o7aGaQysOMU0HNpY6zwrbOkckjFUypGT1HvURa59Voi7x5dNz758IfE3W7fw3pET+DNQeJLOFFmhnjKuAgAYA88gA496KNNSjpNW+Z5ulm76nQJ8WrqEYl8H+IlK94bZZQfoNwNbOm4rSSZMXdasf/wuYAgN4Q8Xg+2lAgfX95VKjNK7cf8AwIJSjq1IR/jVYICZdF8RQHuJNLYY/Ws1GSdnb7ybcy5kzwz9pn4lad4q8LW1hZxXkc4v4Zyt1aPD8oWQH73X7wqpOVmdNGOp4b4c8W6z4ZuZptF1jUNIklVVkexuWi8wDOA2DzjJ6+tcnJtzHa1TS03Oqtvjx8Q7RwYfGusDH/PSVJf/AENWqpUlur/eyZcktGjYtP2m/iXagbfFlxMR/wA97O2fP1/d/wBatR0BU6SXNKJtWn7XHxKi4fWbOYf9NNNh6/8AAQKbhfZi9nSkr8trepmeOP2jvGXxE8O3eiaw+lNZXKhJHt7J4pSAQeD5hA5A7UuW3UmNOK95aMs/BX9onWvgvod/pGnaZp2o2t3em+Zrx5EdXMUcZAKnGMRKenc0nzp2QvYxleb3PUIf28NTLBbjwZZt7xaq4/nD/jRLmSv/AF+Zk8Omrpli4/bgttQh8ufwdcQt0LRakjj9Y1pqMnox/V4pb7nz38c/iJa/EeWfUYLeayEVo0XlTFST95sgqT/eq3DleppTTpQcZH6daH8X/DFqltYT6j/pnkozRxxO+0FRjJAx39aTbd5QVznnHTmO78K/Fjwrbag27VkDldm3y34JIxk7cAe5OKzc+WPMy405XueZab8fbpvG/iy00+FLO6t79Ha2mkUyTQhNoO0jK7goO4cc4zwaxoQa5rq2v5mkotto81+O3wo0r4v2up+NdDd9J8WgB7vT7ht0N3sQKADj5G2qAD0OMEd660owVuhMFOo73+X9f8N6bn5qeNtNgi1+ea3wILjEqBexIBI/PP51EXa8V0LVuhiRRLBdI9wC8I5YKcGri+bcu3K7MuiSxW8Elq8ghJ4WbG4flxU1Fyp8pvSak/eOtsvEV7aWwW0mYYO7YeVP1B4rzpVpLSR7dk42SMPxTqN5qbwSXaqG24wiBQPwFXBx57nJNWTVza0eESaN5a4GV5qqyTkvIilD3feOa1CwWRWzw6HBFCdpc3QUkkrIwp7cDJxxnmtlLmRlG6srFNlX5gQQP50KTWxo4xkveKb24PPPXpVxbZhKKVkSR25PQUczTNIwXQaQQ2KGyrLlaNKxsGLAlcVyTm1oaxa6GpeWIksmC/eFRTmue7JqU3a8WczLbFZMsDXdGakcbp3b1GrbF5cjjNXewez8zptG0K4lCSxcjPIrkqTTujSknzu5u6zC9pDCjcuRk1eHjJXdtCcRyylbqVLC5MULK3fnmqqUZVWnE1w9dRThIbZ+Dta8ZX62mg6Td6rctyUs4TIQPcjgfjVxi4fFoc9ScIzcPyKHijwfe+EtYm07UVjS+tsLNEj7/LYgHaSOMjPNaJ36WOdOLu0XvDNnPezi1toZbmeRG2Qwxl2bCknAAJ4AJJ7VSV2NNJNzZ+hXhedD4c0sDBxaxDg+iAEVFKEqa5JbnJKSk+Zmut0oPbFaeRKUR4uVHIAx7VOnYwcVcZNec8k4+tLe6WhbS0ueG/tIzjWPD0On280QupbyDBnfaoGSMluw5GT6VK92SdtDootKbklpY8J+IOjQeELXwxabrKa/k00zXUli6yI7F+CXXhiAD9PyqYwbbk5dSlq2ciNQyc42+1E+Z+6jQG1UQkjHXvWsb21C+lhi6vs5J4ou9jVpx0ZdsdS+2ziJPmbGc0KHMyoT5fd6M12sXYAg4/GuhUr7shzalcybm9a3nMfcH1rDlDmV9SzBeZXrkHsDSHJxlsjuvDvwb1Dx94Tiv7a8tbeG9SQDeX3R4ZkOQFI6qe9dkYRt710wgpTT5T9APgVq9p4j8K3On3em2sU+l3H2OZFPmpJmNJAw3KDg78Y9qwqQlBI55R5bJ7ntnhLw9pPny2wsoI7d4yGjjjVQenYD3NYSlpYhN7n50/tv6cvgn9oPyrL7RpTmytriyvreTy2X/WKdjDpgqBj1FZRVSa92Ox6aVOUYKb/4B4t4t+O3xBleDT7jxNdxI77xc2T+Q83AGH2YDflWtOMlBc8W/U56tOMJ8tOW5w2s6DeozTT5bnrnOa4YYmnL3NmdMsLOKfkc7rVrMpV1Pyba3pzXM0Z1INLmMRXfzBgkc11Sd9zCL6M6rS7+RAvPavOrUudaHsU63Ktzo5be31Lw9PdzOwlhbaqgdScVzKo4zSSKqv2i90j0G78ux29TmuuqtbxIw85K6lsVdVVbjPOD7VzubjYTpuTuc3cQsrEA5HvW8Kl9WEoOKsym0JY/drXmjFWREIyk7ohKBeNvWqV97hKKbs0LnCgBcZ6mqvctabDUgVjz69TUtrqRzW1Zu24A5rzpNs6Ka1NvTrL7TGx6nGcUQV5WZrUV07mJd6crs3TOatSdNtM5lFSfulS303D/ADdM9a0lVdinS6HceF2igG0kbcVz2i9ZFxptIdqmu6VbTTJe2zXBxhfLYBh+dfX4SpTp4az3Z5df2cno9T7k/Zt+DfwN8b+C7HxJo+jwa3JxHcHV3Mk1vMB80ckedoPfpgg8cV5VPF1XeD91rt+Gvb+tzCVJRSa1ufRmj+HdG8P2j2mkaXZabbN/yzsoEiU+5CgZqptzfNJ3Zm5Nan54ftu/AqbwT43n8aae5n0TXLj/AEiI/etbogk/VH2kj0PHcV2VE8RTUorWK19O5lTclLk6Pb/Il/4J++IfDPhb4ySPr7wW95d2gt9NuLj7qSlvmTcfuswwAe/I78+LXck4yv7qvf8Az9PyPRguWLS+Jn6P+N/hpofjvSJriyWGx1vbuhu4uAzf3ZAOGB6Z6jORXoUqiulPWP8AWx5M4pvmjuvx9f8AP/hj4f1v46+GfDmrXmlandXFnqdjK8F1avZTs0UqnDLlUIPOec0YmFTDy5eRvrpb/M6KdN1IczejKX/DSvgnA/4mFyT7WFxgfXKVzKcpLSP3g8O1o/zRXuP2k/CDgYu7n3H2SXgev3efwyfakpVYbx/EydFy1ueUfGP4jaD430potOllkkMiMDLC0YwDk/eFOLmtXEuEHT3Z5h4h1MXen6NCHDfZ4GU4OTyR/hRGLTku7Nntcx/OwqnJB9626kFeS8VAQQWI70DNbw9cWK6Tqq31nBdG5gaOCWVSZLd8Nh0ORg5I/IV6WHqQpJudNSuYSjOVSLUrW6dyDw1c7NQB4ztOa4qcXKVrnQ9GduLxVjByMmt6iW7HJ32OH1a8J1ORwDy3HFcr3JSurj4NTMXb24rJytoB9O/s2a2r+AFt24a2llznvvmlYf4fhXfKNqaO7Bttyi1pc9q+CviprO3+JUUc0lvPE8MySRrudPMjkjV1HcgxE4/2a3nCKjRb1u3f8NDDlTqNHsesfEE6J8KZ9Viv7m1MCIHubt8ThfMAJyMfN6DqeBz348VRnisR7OirXa0RhWXsnKUtl20Pi74s/GC9+Jni59f1QRiaKMW9sigfuYwSeD1ySST7mv1rK8vp5bR5d5PVv9PkfL4nE1cQ0m7JbJfn6soWnj/TJtOCa3ZxXdo3AjuEV9xHQhW4/GvVxFXDUKXNWskzz1TxCqXpydzmtS8Ht4mgvdV8Hwy6noO/ymjDKGtptqs8aqzBnADoQQDjdjJAr8IzpYCnXc6LtfVL/LyP0DD5rTjD2OKladvvPLdUsHg3xXETxSDgpKhVh9Qa8RVIzfuHXGcJr3Xc5G8sliclRjFdkJytZnHVgoaIjivRGwDHAHpWrUndmqaaSudhoNxFd+Hb+MnMnmA49Bjj9c1xVYOLizuopcskZWiXrxSTRZzg5Fd1RJwTRzpXnYs3EoY8k815772OuTcVZMoSIpbnketaRkktNxNSehCUXcccinJjcGlZMrzQqMkHmtE5OPkJx10K8hHHGKuIL3dyW3t/NUE0paO3cWj1LcV7EihM5pJSWxUXFq5uaDqscNxhj26Vz1OaL50CSm+Uzby6C6nKAw2lsgVrJKceYiPu+6ieMBsjgZ71i7NG/tFa5dhf7HGzk4wPWkocz5UZTxHJF2OI1G8a5vJHLEgn1r2Y6RSPEbu2z6Q/Yc8Z6h4f+JOo2UEzLZX2lyvcRBjsZo2j2MR0yNxGf9qsK83Fw9bf19xrFP2c5dNP1Ptyw8RSajMFZsZ6bjnmu+8Vtuc+u5S+KXgOy+I/gi/0PV3EcNymEmyN0Ug5R19wcH3GR3ram3GXOlddTCrJNK26Pz+1X4V+JfBfiC6sLiyuLl7Vysd/YQSSwSjqrBgOD0yDggit/wCzMRXjz4aDlF7WTZ10cTFe9KST8z9Q/wBnnxJfeJvAGj3F2rW9y8IEkchPyMCQeTz2zz615EaE8MvZ1I8rXTb8CKrTk1FHx5+3B8DdTv8A44jU/A+hatrw1m0WbUBp1m80MV0p2Z3qMAsoBOT1Ge9e/SoTxlGMIWUl3aV1q93bUypu1R0++v8AWnz67+h8p6/oureGNRNhrenXmkXqMVMF5C0TZU4OM9cH0z1FebXwlbDycai1Xnf8je+jRnGdt5OciuQkZNcFwc1KfVDWrsVo5CxPPA6CjU00TuNmlKpyATmqTKgovoVJZAAcdKZEtWi7Yu62eFAO7I5rupQitZMyvZ3ZJ4NP2rxDbWTv5RuJPKEhXIQ89sj6de9ZQjz1OWOhU5OMeZHR+MJf7Buo4I5RcZjDlgu3GSRjGT6V04iHs0osmM/aLmehxt1qUk8u4ZX6mvOGrIl0+dpLyJJMhWPei3Uo9F8C+MdZ0vUW0qw1F7OxYtIdsSEs393JGcEknj3pxlKOtyoOz0Pffg98S7DS4NTt9SDQ6lNtkuNQacsk6Ju2KVP3SNz46g5/CpnXmpJyeiOxU1Hb4mzmvix8ZG1+J7WW5ddOictDbh+FbGNxHdsevTJx1NcuHzGusQqtE9CtgaFSjapqzwZ9funlkaOdxHngdK/Q8NmGInarO6Pja+Hpw0SuZ+qeIJpo2M0rYA+8TnA714eY46defK2dlGkoR0R738MPgX8Xl+HsPiXRALKxvx9pi0+a+8qeVcYVzDInlfMACNzA4xXxmIqYaVRRrLXv2PnsTjMHKbjNfP8ArX+rnMa7r+oQ3s2l+L9Fkivov9ZFNGI5QPXb0IPqpA9K5o4WEv3mGenY6KNKTiqmGqHMX3gjT/EcLtod8qzLybeU5x7H+IduxFUpVKUv3iOp4+rR93ER+Zw2p+CdV069e2vbdrWZVD7ZP4lOcMp6EHB5r1aVSNRN9jthiac480HcZpltPpEzsZSA42snqK6ORTjsd1OtKDuQx3vk37kdCe1Ry2VjX2ik7l+S4845B/CuJpQd2dsfe2KklyQGHSsVTvqdHO72ZGLk4wDxWrVrIVrLQjLcnJyaeq0sXdW94ZI2ME1oktkZR01Y8awkBGRUKDchSqKOxixXbgfMcgdK6bROCNRt6mppV+0kwGduKyqxaiXCo5O6L92CblZM5yKzgtLM0U3ysvW8jMAP5VDgkXBvRSLtxA92sNrGfnlYKOemTVQmoKUuwKHtqqgjSvPg5N9heeK/VpAMiNoSP13f0rGOYQb1jobTy2aTdzovgHcyeAvFWqXl4hDPYm1jx/tSo7H/AMhiuv2kavLy9zz6sZJcmx9l/CDx54Tudahfxj9sg0mSKQiSzY7g4XKggDPPQe9evQm07RSbfc86rHlXvN6di/4n+Kj2/h64sEvbq30dLpryB5IopLmNcEKjO3HQ8gA816FWrTjUlDDxvzaPe3y6pdupzKjOai5tXXlr82eGWX/BRL4neG9Gn0PTrmxEYJWO4ltlEsY9FxwCPXBArhlKnB7X+e3/AAClQu02/wADzvVv2v8A4oalcPNJ4ru1aThtksgB/Dfj9K5W4S1tY7ElFWsjNH7SXjxENwviK6jvA4CzJHGeO+Q6t+YrnVOHNd3082EYxjrb8/8AMo+J/F+qeO/h5e3niC6N/e217G9tcSKquWZgHB2gDlXbt/CPSqTcaltbPzKkua0jy7eYmIB69qJR5k0KdpO6B5/kzTirKzEiq0+OOvpikt2WoOWoeaehH4mhA7pWZUmn28jB5p7DjG6LFtrv2eIIII2wepBrpjWko2M3BN2uWNM8Rw6VqVvepYxPNDKsy7mOCQc4PPSsYz5XzDcbpxZb1nxmus3bTtYRW5YABY2JA/PJrStVlVd2SocsdChBrQTPG3jqOa4+X3rmrhpzXFbxJtJA5FOcHJ3uRYrz+IJZtoVQpByCOua0Ss7myso+Zrf21f6zY3AvJBcNGFaJpMbg2ccfgT+VEYWfMhKV9ZbkzWNxOqNNIXwM4ByK93B4CEmqkmZ18W5Oz6D5U+zxkg/ga+jq8sKTdtEeapc0j1b9lX4Kp8XPiGt9q0BbwtojLPdhh8t1P1jg9xxub2GONwr85zLFRpQc4vV7HDmmMWHp+zi9WfpZc6nY2tm0dxPDECuMSMFH618JKo5+9JnwE3dvmZ458XvCWjeJtLxrOhQa5YRoSJbYbLy2XBy8TDk464BH0NbUq84y/d7mmHr1sNNSg9v6+aPlXxf+z7qtlYJ4h8CXz+KdKzvVYRs1CHHsuPMIOchQrD+6a96lmNOo1SxCs/wZ9jhs1pYhWrqx5d4/i8WwNb6r4ktdSjXYLcT3tq0IXBJCH5V5yxPI5JNbU1RlNwpHdh6lBxlCidl4T+COqeOB/Z9hPpsbkK11qN5KRb2inoS2OSTwqjk59M16FCq5ya+GK3f6eptRxTxE+SEXc8o+INlo+geIbnS9Du31O1tHeI6kzDbckMfnQDgLjGP5mr5lJtrY9lRSlqYC3rKoHek1dWOiLtIa1wXX3rJQUVY6FOTRGspHemWpytYk88HnIzWfI2K6b1CS6QD1rTluwukrooyNHJ1HuKtLlM2lNXK/k7SPmrTRnHy8ruyWPdH8wNK3Qr4NTTtLw3BVHPPasuS2p0wktkdFZYAC4JYnHHNHKpbmVWfIrXPoLSP2X7+6+FVh4+02/fUL+38xtT0KS3xLAquRujxydqfMQeo6elerHBfWaMqa0l07Py9exlha6oV06kk4vr29f83YxLaXdGNsgYEZAz14r5GeGnGTi46n2bqJ7syjYj7U91IjbQcDbxzXq4Wi6S13PmMUuarypnp3hXU00bSllvDvlKDaO30rsVm7x2OGp70rROa8eeJ7i+tJC8hUN8qIDwB7VopN6IxdPllbc8MufC8z3kh+028aliwLsR/IGlKUUrtlu8norjJNDWMDzL21UHtvOf5Vm2ul2xcr6F7VPD5sNH0+ZJhK13O0aADqAB/VgPxpwfNzabFRim0i546mj0PTNH0GFv3sSfaro5z87AhB9cbj+IrKnJyvJlVbJ2OHkk3Ekn/69WrxElFqy3I/MOCM1e5FrMhkkBJAyCOhqVe7uUrxsDyfJ0PoaAab1KUuemc46UwTZC3Bpkre4A54Jpblt23FjbI56U2iOmgh+Rj6dRip9B9NTZ8LaRp9480upvKYlQ+XFE20s3ufT/PFdEIJvUynJvY1Lg6TBqlkYdNt0tYDlo23N559HOckfjXVKNP2iildISc+W6Oqe70hrLZp+k2djG/LmMMzFvTLEnA9PevTwUqcalpW10OerKT97sU9G0DVtd1VNP0aza9uJThU3Ki57ZZiAK6sVCNCPPF2uZKakrzR9C6F+wzqniHTPNvvGtpZXaf66Gx01rmOI+hlaWPJ+i1z4nMaSouNSLa8nb9GTZ0/3jtY9q+Fuj6f8GvDqeD9NuBfz2gZ7m98oRmWZ2LFioLYOCB1P3RX5Hjq/wBZrNx0S+Z+f4+s6laU73OhmvHuuNzO579Sa89W1R5sYylojyzxP45X4d6+i2+oQz2N05F3pInDz27Y4niXO5e2VPBxxzXdRwtTEaQie1RwdarG/Kctovxcg8NeObi70C1n1O2vR/pemW8bDzZMcSIu0lW9eB3r0qeT1qytV0/Q6o5RV+KVl5f5Gp49+JWs+JLCTTdT8D2+mWeoKISl5eRT3DZPynyTsbg4PK8V0UcoVKVpVdb9P89j1aOVeyd+Zr5HmPxv+JOn/D34e2/w38LRNYzTn7TrEsRKj5gP3IJJOCMA8/dXvuNevUipSjSj8K/E+poUvq9NJ6trX+v60PmCaZpCXJJz61sopbGiavqLHKAPm/CpaudcXFWYpk28VG61No3RE8pGcU1G61BtLUhNwQ1VZJaHO5OTDzuOeaH5ApNobuyeadipX6bMtIyNjI/Kp21K0lG0iw1qrRbhx7GhPWxDjomncbZbVuASeBT2HzL4ke2/s/eDE8V+LIL66nNtYadLHM5CF97g5VeB04yfy+nTSpOo7JXPPxFS6utz9F/B3jPwn8PxbWdm326+kG91hQSTPnkk9Ao6YzXrqliKrUVovuRzOpSpx5pbvyNS98DeEhDLrkHgXT/7PlzLcJdadGDGSckspU4+vv1rvftZe65+95Pc5fbKEdb8vq0v+AeV+L/AXw18dLLa2+mx+HLlsmKfSFSEK3QHy/usOnYfXmpjCV39YjzX77/eP27i/aQf4ngfjXwHrvw51mGy12MXenMC0GpWq5jlTPJx2YcEqf1FedXwSornou8fPp5HZTxMZ6N2fYw/H/gnU4dLsL2K1S8sbqIywTWsofcQOUI42sOmDXlckeXmhL1R0Oa0TVmfNd8bm1uTDdpNbTgnMc6FG/I1MoOO5cZ2d0QCZgcluAM5J4pJ9h3cpantWraLb+F9N8NX+qt5cFnpUUwgPV7h8lsA9SSv6e1c1B88Jx6t6ehailJt9Dx3WtVm1nU7m+uG/fTuXPOQo6AD2AAH4VtZRVkEYN6sog5zzVbikktEhhYgEiob1KlaKSRErNggHn1rRxZagiN2IGPWpM72drkMgJUGnfUXK2rkJJzzQTe2gMcDgfjSQ3ZijkDPWqM/QRyQtIvVqxcsJZQo2nr1rop31sTKOlyzCzmZkMZJUbmXHOPX9aHKd22O17WOl057CRreMSOHdguOnJNTGtKL5iZUpO9+h6v8P/Fdt4Z1OGYeSj4cR+a2MMylcgd8ZredaVaW+5EIJSTPqbQPijb2vgDXEtnCXumWtteXZycNPLGw8sdyN0WM+9fO5tVfwRfurqfNZrOpzRpX31/yPJvB3xAs/Dulq91Lc6z4j1OeS6ezsYzPOR2G0HjgZweeenFebRy+VZqMVZLdvueHHATrz9/SJpfEPw94p1fQLfXtZum8NeE58LMt5yyZHH7hDl8nj5umQcYr3KeEwuEaja8vLX+vI+vw+AjTp3pRWnV/nbc8hl8c+DtJMsWmeFPtyRxlIrvWb1jvf++0CDYPYZrtvUXwyUV2td/eeh7OMVZXf4fkcte/FHX5JGjtNTbSoegh0vFqij0ATFOcvaazdyklFaI3fgrb6fdeM7zXtam32Ph+yk1OdpW3M8gwsQJPJJJYgZ6rSvGlBz2/zJlHnkr7bs8W8Xa/P4l1q91G5cmW7laVsnpk5x+AwPwrGMbb7nTK/Ncwd2BtzmtBJ9BBIV/wpNGkJaWZIj7u1Ta50U21uMdWk749qL2Fq9hgtjnPSjm0K5Fb3hRbnOSaLmap6j/KBY9KqLtqacqRZtgiqAw5FYuTb0MkrJJlme4VYtinmnBNu7JqSS0Re0vQpLiFLqXMcBOASPvfSt4q7tYwcmz6z/ZvurHw34avku41MDzqzK3yk/KOQRz3rroKrze4jCfLNLU+iPg7rHg3VvHccGn+fY3MiHHnAlZcEfdZmJB+uM9q9etWruHvomnTUNYu35n1/AU+ymHy1JK7WVhkMMd68+nzXvcyr8stGj5M8c/BPU/DvxQF/YO8HhtyZokHPl55aIn0zwPY+1fTSxMKuH5n8fX/ADPHhTnCcl9np/X9dD1H4d+AbHx7ot1Hr0EV5vLRxwTxq0YUEqCfcjuMHmvHnip4eSjH5/5HoQo3g2+v9evzPDvin8D28L2OqxaBvuYrAGeXTGffNAgOGKH+NMcjPzfWn7CjUs17re3Z/wCT/A1g2o3eqXfp6/5/f3PDZtKttb082+o2cGpWZHEVzGJFGe4z0+owa8WVOcG1tY6ZWe5414u+DTaRq2mNpwkl0fUblbZkb53tmLDIJP3lK5IJ54I5qXGLTm9Gi4uzs2av7U2orP4t0O1if5INJR3QdAzTS449QAPzriw0v3TVrajptRbT17Hh5Qls/wAq2aOmL5VqKG5AzSeiInrqhjjBwOKejEr2uQFmQ8Gmy021qMJLc0vIlq7uMlZkUcUWuW20uUi6jPWqMb2GEc0ir6DsEEYpk6C7ME5PHekVfQm005mABPWtYO3UiR111qdvo8Yke3BN3CEDYGVKnn+Y/SnUTnHlZVP3tU9jl5blVuQ8Uh4Oa51tZo6W7rU7Ox8T3VpsktVtVmI/1sqbyPpzVR1Vr7HGkjtPDPjTWHh1d9U1QWmmXsUKXDiJcyiJiUEajqRk89PWorYWFZKc3ouhwYjBRxU1Paxo3Hxwv7Gyk0vwXpq+HbVhte4t08/ULj1aSbGQTzwoAGeOlacjcfedl2O2nTjTjaK1/E4qfxn4mntblrqLUb+3VtzPds7hGPGcuScnn3PND2S0Nknyt6mH4csbvXtYkSdooo2RnO84C4xwPU8/zNQ5KKuzN3+yNv8AwxcaZO9yrtPanlSgPH+8O1WpJ7oLdD0Dwrq9t4T+B3iCS/0tL2fxPqK2dvPK2CkcCbi6jvhncZ45pVb8sYx33LptO7af6Hi9/teQkZI9TTaLlLmd0ih/Ee/vSem4LbzJDCX6A59am6LUZJ7BGCDjGPWkdMUmmmyQYHGalrqEGnpccSMY6j1oS1uOb05WxrNg4FJMl3WiI9+wZNVvoNOVveBJSDx6cVVtDk59TtPCnhD7dEt9fD/RR91c/ePv7U42k2l0M2+jOjmla71m3jeFEso1AXb049RXVDbliZ93c+m/gxYaJ4l0qQqPKvLMjzUfBBXqHx/d6/iDXo4evLDfu5Lc5a1JNe1TseyeHdMHgnWbTV9E0201B7p0Nw8gwhXk5TGdp5PIHJxV1puto3a3QqNlHTU9m1H4/WHgGSzk8SFwLxsQQW6hpEUdS3IGBx7+1bUsDVrp/Vle25yurTcrVGlI9K1e40rxRpybLuKWKeITRgOMuhGQ2OtckKjpvVW6Gk4yvocz4TubfSdZW2tmzbAFVC5IPrmqq0+aPMxxmr2Rwfx68Ka5NoXi7VtAaRr02WxRDkyMhI3Yx6KX9+K9DDKlVlShUWiZhJ8ibvZM+ZfFfwk8XeDfhbbeJj9llkjg8+80qM4uIIsZ3DJw+0ckDnHTOKipSo4qpKnBtTvp2fl5P8zb2k4xUqiVvXb1/Xt+J4/oXxEF9cxQ3MifZJnBDn7qns3096+dqx5bwejO6KTbueF+Mdel8R+JNS1CQ8zSkqpOdiDhV/AAVm1ypQXQqO92YYcMccg+tYPTUbeo1lGcnoK0vqWrNWICSzYwRVWsUuyEkbauCATQo31Rcpq1iEcmlYhyadkRzE4A701awndvVERHQ9MUdCFvYQCgHoxUbBPcCgatqKx+XNPYkbayGGXNNasbTZd1KeS9hjLnPl5A9s//AKq1mnu0EfdKpeGUIqRlSByc5z71gm3e5o27WbN7QYLaJPtF40j2iceUnBlP93PYep9KbaVtDOS1PZtA8I6N4r+BniHxdNGZNZ06V44lWV1jhCNEdgRSFxsfuD17VM6ihNR6OxEY80rX0PFm127tLotBK0JU8BOMVc0paPU6ZKCa0uWLnxVfXVqUa5kbdguM4DEdCQOKhxWiSJjNwT7MpWF9PFP54ZsjsD1oasiFLRo1LfxHNarIyyMvGSjHKmqjHmaL93ld9zu/jlfW9tF4a0C3ga3TRtP2SpgBfPlYPIQB2yAc+hHrU1ZKdVtbLRGtP3YKPzPLrC7tRbXVtcwB1mXCSg4aJvX3p9Lk8l3uY7Dy5dvHFJ2epLST0NPRrRtQvYoQM7jzXPU91XOqLui14t0kaVebEGFIBxU0KimhuDSV3e5z4fnOc/WumVlsZ8utiwvQHt6VDb2Y3FR1Q7YCM+tK9tDRLqRSIrcdqcd7jklY7nQPhs+pWklyzMqLkDIxyK642c12PGcpJ2sX7AvplqbBGZ4w2dhPANaSpwhJtPUtNvc6Pw4tq+q2aXySC1lYqXRd2DjgHvilTqODukQ4O2h9MfCXwnYaJdQ6havm3OXDxykkgjGPp7V1Ou63xESfs4uK3Z9KaPJpt5p0YjjVIgoK4THHpitlLm31ZzJNvXc5zxZ441nwdrFrJZadZ39nJiJftIKsWP8ADv6J7Eg+lbRpc8HabT/AlThGfvQu+56Z4e0e0vdGhuJBDEpHmLHH1t3bllU5wBz0GAfSnLFKWiV3+ZU6S0022NnQ9WsdOkCIhk+bZlcYHuayqS5tLlQSlfQ63SZLiw1B7pxv06YD5lXmI+/qKpctSCUdzFvkfvLQ5jxD4HTVfGem389zBPbJLuMbQAxFMEYx685ye9dUJJUZRgmn+JhrOtGU7WVz4r/bn/ZVi+Gc83xD8GQAeFrp86rpsHTT5WP+uRf+eTE8gfdJz0NYTh9dpOTVqsf/ACZf/JL8fXfrpTdOTj9np5eX+X3dj4UvAElbb3PWvnHdtXPTV1qQBQPf2qmr6EjJCMEDrR10K3sMRTvGRkYpHTy67hMNg9c1ato0JTavcqsOfSluYtWbRGytnOcUh2b3Y0qX4NPcajaVmIYyRRYlvoOEWAPWkWmkI0Z69qaIla+hCkbswOKpdyW+hpwwrIph2l2b0rSVRyVhLfUnttLZZGR7cqI/vMwP5Vgn1NG23oxt9dG5k2qNiINqqOAB7CqSS1IlFxep6Z8ONc1J/h34p0O1mEdlIrSTJtBLGSIqRntkQj34GDUzgmlOXQmKSnrszy27kDSNiqv1NHHqtiKKFpmCryTRq9BuPMuZF/yPs6KCpA65oFZvRG34H0lNS8X6ElwyLaG+hM/mkBfLEgLZz7A1UPd1ZnZy0QnxJ8RxeJvGus6hAxME1ywj+bOUXCg/iFz+NYxacb9zsacepyg2quOoqjFvTlKxXdJ1+ah2ZV7K3U6vwDbg6kZH4C1yYmfLDa500o800nuS+PiJr4OD0GK5sK77nZWslojh34JyK9XpY8uWvvSHxzEKex7UnYIT5VqPSUkHJ6VDVnc15r/CRb93WrMZe9bU+lfFupQ6Np32WJlEknAVew7mu2jBybmtkcc5K6R5gLd9Q1RIrV3SQ/LluhrNr7Ukaxly62uereGPC8+kPp810UYDOVPBJI9KG4cj5Sk1duR6tpmux2QSG28sxOdroHx9RUrW8m9Uc97vka0PRvhv8U9KsbSfT9VKaLb27AQT3NwDG6E4+8cYIPUc4BHPp1WnFc716uxajFrRHrOu3uj6tphtdReJYJ4wqXAlxkHoQR+GK0hJKKlF3RhOk7Xa2PCfEPxj8UfCe5+xaPqWn65ZM/lot6rOfTazKwOfTOTWv1JSkqlOTS/ASxC2krnoXwo+Jt/480+dtWto9PvUOx4LV2KMpH3hnkd+9bTw7pNS3IvG7UWe0+BPivbaRZjSJbp2jjcwLPMGYA56MT+WelcclJz55Rsn2Nmrxs3dnZal48t/DQjk1C0M1k4JaeNM+X6cd+cdPWtF7WXvU2YOFKyU9DLfxv4X+I2i3eky2TajpN/FJBd211GMbCMEFSc8+wrpU6tJqd7SWxKpxl7j1R+Ovxk8Ap8MviT4g8ORSme0srk/ZZGyS9u4DxEnv8jAE+oNYZnTjGqqsVZT1t2fVfedFCo5wtLdaM4lFDPjpn9K8VLQ6egnlEnBGR61KNIuKV+o82zKCccYzmjVjb0TRs+G/AGteMHI0yxeZBjMzkJEuenzH+mT7VekV72gK/NzWPSdE/ZjvJ9smq6tHGufmisoi5/77bH/AKDXLLEQjeMU2y0nN+9od1pn7OnhW2i2T2Mt6+c+bPOxb6YBC/pXP9blP4NB+yirtssTfs2+FZo3jWyuIVYg/LOdwP1x+lP65VS95IhQUne5m3H7Jeg3JcQXuqWoI+X95G4X16pk/nS+uyt8KJ5Jpa6mVdfscyj/AI9fEUm4ngXFgCAP+AycmtvrkUk3D8ROEo6ohl/Y81JnxDr0HlDAzJbsWHqcAgfhkVMsZHmsostU5RWtrlz/AIYyHkgr4skSUfe36YGUn2xKCP1pLH01dSg/v/4BXLJWta5E/wCx89iPtC+LizINzNLp/lqPxEpIpfX6f2YP5v8A4Bi41U7NLU8U8W3kdpcSWcN39tSFyizjIEoBxuGecHqK9KLVuZKw7zbcmckkrM5Oaaa2Jk29z2j9n7VodOv9btpQmJ7eGVVcZ3FHYEfTEhpVKlocrJUbtM8bvrb7FdTQh9wjdk3euDioVmkW7ojgvGt2yrdRTHGTs0XF1PzW+Y8Yo16lObaJdSu7qwtYtqPbiUZ3dCR/hzQ9fQinK2sdzB+0spJHHai1tEU4vqWIJWaE570rGl09Bm7Y28HoaCYtXudp4UcSN5gIwcV59VOKbaPacY1HdaMj8TqJJ2PWig2oKyI0T3OSni+fk13KVzgnGS0K0kZQ1W5g1yuzGbiDjOBR5l7gTnpTXmJWvax7bPE+rTiWWQGVh9wnkVtGpKmvZLZHPKjKC55Pc6Xw7pixSwkRjgc4qNWmSldnV+JBZajYRwTgNGmGGexFdmHcov3dbhKCldN2ZwdvrdvP4xE9hDNAIU8ueQnAmxxjGcY9DRUpyhaMnYzUfaLmfyO18BfEMeKLnUdI1aGyENsQ0KgfPySD357e/IqnWeGmvfvfRmnsva07WszoryDUtM8IpHpUraxbWcu7+zJJTlY8k/uh6gngHj0rVSpybjF8t/L+tznk7WU1dLS/9bmxomjaZrfhW4nngeG5vR5ht7tCrIQcYI6jOM5+hpxxFWElRlsuw5UIv4TsPhf4xTQYorW8ZIbmJinnMQiyp6uem4dz3xnuazrVJ0pct9GQqMY3Z7XoGowzTjVZL2zubFRnzIJN24+2P8a2Uo8u/vMzkpORQ8Q/tA+GdauItFF9FFO7rEsZPzEs20FcjBxwSeQK2VR091Yfs5TjzaF7RPh94X8OwagdP1i+sL283NM91N5qhm5ZyOFB9wRXQ8U58rqQ0Xb8jJ0m2482rPlj9sHw3Z+K9S8NzeGbS51q8sEl0+6nt7cvJKg2mInaOgbzMH/aNceKr+2oSUtNbr9f68jqpQ9npc8f0P8AZ18X6sVaTT4dNjPVr2ZQwHrsXc36Cvn1UowV3L7jptKT2PSfDn7KOnhg2saxd3Rx/qrONYFB+rbyf/Ha5frkI7R18zRU3a7Z6VoXwN8H6CUe10K1eROkt0DcSZ9cyFsH6YrlliastJM2VNL3Udavhy1SJEWMBRwABgD6Cs9W9zXlaHL4ftoiDgg1anrYcoueqJBosGeDgVhK6d0TZdSZdKhRsitW7pOw91ZF+3so41HAJrKUlN6FezsrotpGuCMZ/ChXeiRNnHVkTWgByBjNKEtbJF8ierZVktFRi205+lE1y6C3PGv2ivF95puiW+h6ZIkU2oOUkYN+8KgZ2qPfufQVvhqEK83KT0RlUbUPNnxJqjM1xJv4YHBr3bWOS6t7pFptuJrgDPHXNCT3D1PW/g//AMIpb+KVi1uW6l+0I0StbMRsOM9j6j+VKc3yNKN2Elz7uxw/xA8O22leK9UtbS4ea2ScmNpl2uVb5gT+DCpjLmSurDT+yznptCuY4VkIG1hkc9qp6iT08x2m6S9xIis6xKTjc5wBVRSb1YrtHT/ETTLa1jsfJvxdlYwHAxw2PasFJe0lGJrZw1ZwaqvO459q0s3qWn3LUSJ9nJUjK9R3ptkv3mxpjWQHB59KV7DhFPU6Hwpc+SHjPc8VzYh3setShaHMXNaUOzNk+uK5qe9kObXLY526iwQwrrjZbnLO6lZbFGQHbnrVJkSinqVWTPNXqczik/IaowOTRsN6rQ//2Q==', '791721997', 'barcode', 2, NULL, 1, 0, '2018-08-18 09:42:45', '2018-08-18 17:12:15');
INSERT INTO `vs_voters` (`id`, `county_id`, `district_id`, `precinct_id`, `polling_placeID`, `center_code`, `center_address`, `voter_name`, `voter_gender`, `voter_age`, `voter_email`, `voter_contactNO`, `voter_address`, `voter_photo`, `voter_uniqueID`, `voter_barcode`, `voter_verifyStatus`, `voter_ballotNO`, `voter_status`, `voter_role`, `created_at`, `updated_at`) VALUES
(11, 11, 5, 16, 4, '10', 'daddress cebetr cebter center', 'vikas', 'male', '28', 'ghai@gmail.com', '8765431233', 'bhgpur vv', 'data:image/jpeg;base64,/9j/4AAQSkZJRgABAQAAAQABAAD/2wBDAAMCAgMCAgMDAwMEAwMEBQgFBQQEBQoHBwYIDAoMDAsKCwsNDhIQDQ4RDgsLEBYQERMUFRUVDA8XGBYUGBIUFRT/2wBDAQMEBAUEBQkFBQkUDQsNFBQUFBQUFBQUFBQUFBQUFBQUFBQUFBQUFBQUFBQUFBQUFBQUFBQUFBQUFBQUFBQUFBT/wAARCADwAUADAREAAhEBAxEB/8QAHwAAAQUBAQEBAQEAAAAAAAAAAAECAwQFBgcICQoL/8QAtRAAAgEDAwIEAwUFBAQAAAF9AQIDAAQRBRIhMUEGE1FhByJxFDKBkaEII0KxwRVS0fAkM2JyggkKFhcYGRolJicoKSo0NTY3ODk6Q0RFRkdISUpTVFVWV1hZWmNkZWZnaGlqc3R1dnd4eXqDhIWGh4iJipKTlJWWl5iZmqKjpKWmp6ipqrKztLW2t7i5usLDxMXGx8jJytLT1NXW19jZ2uHi4+Tl5ufo6erx8vP09fb3+Pn6/8QAHwEAAwEBAQEBAQEBAQAAAAAAAAECAwQFBgcICQoL/8QAtREAAgECBAQDBAcFBAQAAQJ3AAECAxEEBSExBhJBUQdhcRMiMoEIFEKRobHBCSMzUvAVYnLRChYkNOEl8RcYGRomJygpKjU2Nzg5OkNERUZHSElKU1RVVldYWVpjZGVmZ2hpanN0dXZ3eHl6goOEhYaHiImKkpOUlZaXmJmaoqOkpaanqKmqsrO0tba3uLm6wsPExcbHyMnK0tPU1dbX2Nna4uPk5ebn6Onq8vP09fb3+Pn6/9oADAMBAAIRAxEAPwDntc0+XTpWidShHQ+oreVN83M9T0vaqomkc7NGxHQZzWM4r4mgjPoyrIrDG07vWsIxb32NOZb3K7yHfyMirUEr2CUOZXiyeGJncdMUrKSEpLZdC39nbqDis3GPYUZOz0ITA5zz1q3boTdpXkLbx7QQxwPSjRqwm3Ejli2cAEg96i0rlweqkxEtsnhvers76mkmpmtZwssOM/N2pOLvYyUo3si3HG4j5POetaNJOyJvdMu2lsVbOeaS1kSnJarY3rNvLjAzj1rdPUwqT5mrF1SZwAjYIqox5XqJPlexoaZDIJAWNVKXK7oUpKWh3GmtiIbeuK6VNtXOcL194J3c9waL2Vgi7MNM1aTTpRhsoTytbKoJxu7nSy6oNQtgRg5FDSkwXuu5574l0R2keRVJJ5wRWEqdlzI6VJS3OMubPySTz/hXJJP1KtZXuZlyjbiR3rHoJtq1mZc1sQ2WB5p37FRnJ6AtqI+w/GiUep0Sn3E+ybiQOQfSsnpqQ5X1bM/Ubf8Adt8o470uVC5m5KzOF1tlVtg65rpinayOmCVTU9l/Z40kTXvmGMYAySR37f1pezUXc5qspJ26H1ppdiFhQbeMU+XW5jzNO6Z0thagDjpWmlrGXM3ub9jEF7Vi430G5GnFHjnFNxQc76EpjA5xQoi5n0ZEyA5osmthpvuQSqAOlLlXYacjLvrcSI2O9ZSgkbKTtYzNPsvs6FW5OSacraWKvbYlnQE8CnFE8z6szblFIJIqrW0NFNrQ+UWe38RWwZlVjj5T3FejCpCMbNmEkoy0OH8QeGnsg7BCV6/hXHVknqmdUJpnLXBNuAFGPesVaTt0KcWtRkZ8w42gsam1tzOGrd9C9HaFMMFznrRFppouNk7XJmyijapNQ4tfECT1RJFGC+WGc+1CvqTzN6EV0FifAXAojcTu9HsUJJWL8cCuhO+jHNK2pas4d+QwAJrK1tUNuyv0L8KmNOnNaJ2ephFc2rLULSMRx+FKXLds0i1expqp2g4x61KnYlaXW5MJCv3RlcVvBpO8jBp2uauk3GXAdcCk5roN+8kdJFEAyuoz9K0g7aMzasadvfvF8u3BrWTXQqySuTyXRlycc1DY+VFdXPJx8x7Gs+ZRehGqRbsL2WA46YPQ9K0jU6sUo6XNW4uY7uLsTjmtJVLHO4tO9jiPEelmQs0X1OBiuRybOpXtqcubBwDnr6Vl5C5ne5WeybJJ6AVL8hptdCq1oSxDA47GmdWj3JEtAIyATmtWzODTkZGpQMI2XvSajY18mcLqNruvEG3JLd6mBqpactj6R+AmkCK3MuzG/A/In/GtY3ekjjmndn0lp9vtRABxiqfmYPU37OAKOlZ3bY72Zq2y4I4p2YNmgi8d6OpJIw496TK0IWA5piK8nI6UilYpXS7UJ71ErtFRbM/HX3qfI1jpqyKY47fjVpiXvFC4AKk09zRW6nwJ4e8SPp7oQ5A9Kmo76G86N1Y76LV7fXrXDgMx45q4wjN3MfZSjocZ4k8P/ZmJEZ8sc1lNNaI9CFLnV76nLPC0UhxwBUdbEVI8vxG7phWRArAn61aXMtNDlVua/U01skYZHQ9hUTfK9Ru707A1mAcFcE96Hd7GXw9dShfWyxgg/N71po1qEpXXN1MraiOTtyKTg97m0Zcy2NK1jVxkqBQ7RjfqYc7S900Sq7FAA/CpT62LS5ouXUfancwG3gd60UlZ2M37unU0o1VRzjFJije1kPjREb7nB7VXxbFu0nZGhaRLjOMHPFDXKyHdPc6DSdRSFlEg3Dp9K2S5tzBxu7I6OPTluRviTOfSumUY8t0xQUtmH2UocEY+tc9n3NkrbsIrfc/K1i49jZQVtETm2G1vl5pWuW43RTEphzgY+tW7t2OWcbEUkouQflGaixm9NGYl/YjduA6elNWaNHFMxrrbkrnFZvyJV1qytiL5lLc470lN2u0aJqTRTlyQVHHuKb12Kdua6Rk6jA/lseSaHqy+ZxVmcdIEOoguMBeT70lNRfvM01vofUHwHlgv9NjaDBjX5SO4b0/z610L3m2cLum0fQtlbYRcD6VLd2Q7GzbQHHNU7W0BvUvxRlT0qALkYwPejYlIGBxT3GQP93J/Si6tYCF+OaWoypNhlNS9S9jOK4JNDt0LUrbkMgyM1SVg31Rm3BPYfhVK2xtsz82YLrao/u+tckmpapnrR1lc3NJ1xrZlK5GPeqd4bMv2SestT0vRNWtNetlhuACxGDmiLbWrMJ03STaMjxD4Fe1dri1j8yM8nb6etaqmkro5JVeZqMjJs9Ld3wEINUoRgtdyZNbs2ItOaHG4c1EkmmmZe1WxLLAjIOu6pjeOgOd/hMfUrUHqcChPR2MlJxehgy7Q4RVzz1pps297WzL1qodcEdKUm9mhqLT5rmjEqggjO6lflWpEpNqyRahQseF4pxakroxvdl2OFV+9kiixUZNMkjClh8tCdhSbeqNMRLCgPIY1oveIV5aDopQrfdz70bMfK90dp4R1oW0wSZcxHjPpXRG83a5lK9tD0K48MDVrTz7RMtjOPWt3TUVuVB2fvsybbQ50k2PDtcHBrilHW6PRi49GT3ejtEAWTiqs5aBzdEc5qNsc7QmD9KuyitzmqNpma9uY05GD1rn16GCd3cqSMSmCOT6ihA9TndYtWVTsXnrmk7DV7WZx+oXLwSFmJGKzSdrGqjyrUy/7eIkwGzU80ouwow5rtl+bURPakjDHHOKtSTuhtX2OSsbR9W1SeNfvY+UVUklG5rG0bNvQ+lv2WNEvdN0C4S/ieOc3krAOMfLwB/I1rzppNHPU+JtH05ZQ8DHFJNNnPK72NSGPB4obBO2jLSL370xosKvFIdxj89KBdCFwAMGh9xorTfd680FIrSfdov0GjPlGSSOBST6GitexXn5UVQ+hnXGDnPemXHY/L+2vQyjH5VyyiloelTvvcv295h+BSu4o9Ck09LnTaNqbwyIy8fjWcX3ZVS3La57N4J1yDUxHbT43MNoyetenSlpY+frw3Z6Fa/CRL9g0WGLcj5Ccfkatxg7M5IyS0DW/g7c6faM4h3Ac9GqKlOXQ0utjzXVfD0lu7KYyrDiuSpdNWNYKKWrOO1a0a3LZzj17VTXQnmVjnwVViNucmoWmhps09i/bogUEfiKekjN817MuRuCQMYHuKOVPUGm46GlAABjFGmyMotJ3bLBbcAFX8arl0HFNO7LNoo/iA/KhK5c0t0WZFwMAd+M0R1epmpKxJCjoRlcfhVOXM7g5djUtHKNwOD3rSElHcjdnqXw28XTabOlrcKZLZyAD3T/61dlGpCUvfOWvTu7o92tvAMXiKOO5tygDDJbHBFVWUEh4epJFq7+DayQECRWbHTGK4Pd6HY6lzynxh4GfRndWXaQe4xSk0tyW+bc8w1SBwdu32yKyirPQixi3ELQ7Tu79DRK3U0snqRT6f9p+UY3NwM1DTSCT1Oc8T/D6f7HJNBcJdMqkmIRlGH0OTk/lWEZWtcp6/CeQXNo9tOTg/hXRdSWjC6ehY0WaW4keLGEbgk0KyGuaNjodJ8PR2czyQSN5rjJHWpTd/IuXvNXWiPpz9n2OW58M2txMd0jls+wDEf0rplvaxyt3Z71YQkqMjIFJaakXWyNBI+aAsTJHxmkUPHNO/cloaUxz0qU2CdyCUc0+gyrKaC0VJyQD2pLQa0M92BYikttS2Vpj1GKtFFKYdhzRfoUkfk/ZXzqoz265rF7nS9lbqadreO8mc4FRaLVjSFRwV0dLp96QUwar2Ub3JVRy3PRvBE3mX8BDclwBj34qpaJ2JvdNM/Qn9nvTWfw79smjBHCI7Dk+v9KiPM5Xexy1VGPwnrFzZwXkLRTwpLGwwVdQQa6VJrYwufJ3xy8E22ga/c/Y4dts2GCj+HIz+VddWMZU4T6v/McJuzR82eKbcszLtxXDdJm2nLfqcVJbMsoOeM1Ohb96yuXII3HCj8aUl7ujJjbeTNS2t2JBYdqFeKE3FpsupGyYwMmjQTv02J4IX3Ais7SepcnFLzLW1s5GM+lXfWxk5XVmSxKy4Ldap3T8iEnexPvfOKpK7HYvWauxGelDsnoC0O28PSFGjG5QOKqLRLjdn1t8IrpZPDxiLhnRume2K0k3JIzirHd1kWeSfGRI5Zgu4K2wE+9XJe6iW72Pn7VLYRuy7s1m9y0c7qNmZYXIOSBkUk+5Uo/ymI05WNW5DpwQai9r9iU3LcZLrqQqXZiGA+771KV7j2eh55q9rBLKzCNQWJJ4rKNoaFtyT1MNbQW7FgpGOc1d09Eatc60Ow8J2sr6P9s6qZWQFh7f/Xp81ntuZP10PpH4AW4XwXpoxgjzBnH/AE1euuo1KXyX5IxktEe3WUOI81GiJskTquDRcV9bkij5DSHfUkUDbQC8yOT0HNFiio/fNO9hFWRjnH60FFSfvk0PsNdzMeTDcVNtSr3GXB49KpaaFbblCQZJ54qnqaN3PyOjnUD6+lZJK+htD3tZGlaTYxjoaEtXcpQSWhvWd4IyoB7U02rtIGrqx6F4N1k20yOp+6QSKU4yW6Fpex9a/B79oefwrZLZyFbm1PSN85H0NdNLllHll0OGSbbse+6b8eNN1O3R0hwW/wBrpVqFN9TKSla5y/j64t/GltLJFJumK4GfT0rrsuVJbGNPmUrs+UPHekNY3csbKeDyCMGuCpFRO56I85uELyEFcc1g5KKsyd9S9Y2QYBjjINStriVS7ua8RAbbjOKcQdt0XEt1yDjFOw1sThQDgDg96lx1ug2ZMLcKRx+dLl1uDd7jzFg4xVsIksdjk7gT70kzS1ty/bwcAAHIpp6mcdzoNNQW7o/J780WSbsDd73PUfBfj6fRpkMblQOMDpWkXZmUo2PWbb4wxmFWlUHscDmt1GN9TOSmloVPEqW/jiyae3lLybcKwP6V2yoJx0ONVnF6ng/iKwn0i7eGeNlYHuOteXODg7M9CM1NXRzEkrO7DbwexrDXqVzMytStkkG5Bhx+tZcrvdFx31OYvUCEmRCnbNbR7oco2ehjTwCQHv6YrCemw0+a19jF1izeCHg/e420+VXT6mrlF7Hsng/4fvq/wwtmQ+TdqTNExJxuywweOhBP41rOPTqZw5buDPbfhFoM2geGLCzuCjzRod5jOVyWJ4OB610TabVuy/BGU2mer20Y8ocVFjJdhwUBvfNHQN3oO4U4oBir3qWOxDK2AearcexVLcnNAkVpWz07VKKSsU52wCSOKcknqVsZryckrSWi1GotkcmGjzTbdzSzRQmbggnPvVbFddD8bbLWmjIWYAY71DVtCqfus6Ky1COWMFGBpJ9ZGyldtPobVrdhyrYGB1qlGxLffS51miagVIwcZNTzN6Db1XY7/RdaeMqRJ9eacHpexMkkm2ew+BdclmhI34HsaG7vQwcrxPQtL8Tz6a+5m3J6H0rojUkmYOF7tblbxVDpnji2cIPLuwOGXGfx9RXbGi66uKm6kdG9DxTxD4RvNDnKzQHBPD44I9a4qtBx3NV72repFZaY7jOOBWO2hL91l+KxCLnHzVLjqO5NFGZONv3ap2SFsThB6YNR1sVdPcRZVEu1mIJqWm9hvRJIsmPJAHX1ov3K2sXrS1IwWPWlKSasTK6dkaUcZBGBgn2p3aEtC3EWQ4Y8ChWuyXa9zSs7jLYVsVSnd2EzZg1Bo4yC59K25mKxe0Pxff8Ah+782CXdEfvRN0Naqs1p0MJUoyOo1jVLLxjp4dwBKBwR1U1nUm5KxnFKnseW6rprWTsrkgA9fUVzWa3OxPS6MWeIMpxyPap1e4rmVf2IMXzcii/c1iuYxJIgCVCAUcqSsNuxyPiSVUuIYipYOwXP1OKa1dirtbdT7D8C6H9l8B2i7Av7ofKBjHelJ2djCT947jw/YiOKLA7VqmZvbQ65U2xgU99wZC2Q3FBPUUcfWm9B+bAnap5qb3KuVrgFhkcGnZBzFRlbfkniqDqQzdeKS0LRSnzjGcUK4Nmc4wSAOtRZMtMhlbAwa0XctOyKMx+bntSeoeh+Pl74Yk6kEDsKT1FrexjSxXOmtlSQPStFGz1BSaeiNCx8Um3ULIOe9G70C7m1zHW+H/Esc8yqrjOfWslHdnU7TTUeh6Np2tIAmWGaNTBbcp6t8PPEMQ3rvwRg49axekuYJR5UejW+vJdxlQee3Nay5k79B6TsYM2tXGmaiHico4PWtk52VivZxlFpno2i6pa+P9OGn6hCiTEYDr/Men0rqo1Lu0tzilRjRldG1pH7P+plGC2ktxEfuzKMZH0pVI3b1Hz89nY5PxJ8Nb3w7dSQ3MTJt9QQa45Jpmjab0OUn0+SOQrwD61Dae4nboRi2Cj5hzSVrkXsKsIZwQoPbGKrcouwwKoBOPpUOVtx3urGha25dwf4aFZxDbU01t8A8DjvWbfWxFyMBd3zAHFTFte89ih8X+sGOB61tG1tCVoacbhU5I56VTaGS/2bd3CPKkMjooyxVSQPrWblytJ9RLUp22qyW5YxbgEOGO04roXuu4SiluaMlzDqsX7xvnxWzlCSMuZp8qOdvrF4mcZ+Ud8VxyspXNUZUqqFKklh70pt9BmNe26iMk1N+pV2zkptI/tfxJpdsuVzOrdM/dO7P6VS7o2u4p3PunRNN2eFYF2gAoOlTJOV77nFG/U3tGt1SBBjoK0imlYaNRuBV3EV2GMmi/QbutRinApWvuTcGcAVN7FbkEr1d0hFdzgUFK5TlYc0bFFO5bI9KTbWqGZz/fOelLpcq9loQSHC1a1LvdGfckKT60m3sil3R+eWp+FIwGVV49KhJ33HKftLX0POPE3hbyS5CcZOcVvF3dpDjNNNSPPtT00pyBj6inqrWRko/a6E/gi3efxHawc4YnOPYE/0rKbdnbQ6Ka3aZ7xpuhxtjKn61m1fVC53ytPc9m+Gfwum13QdcvrXcr2saBGI7kMf6Csk5OsqUupnKdqfM+5j+HfE1za3k8E0YcwuUbswIOK6Jw5XYqy0kb8etWmpTNypbNNX76BzJKx3XgGe1j1OBzKFQMMkHpzVJ62ZEpt6H3X4bmtJ9FtGspEkg8tQGU57d/enJNMwVuhzvxW0Gz1TwxczzRK08K5R8c49PpW9D3m4PYzm+Vpnx3r1rFBcts45rnqRUZOxotTClGX5rFpLUpIIxhhg/lWcXKT1EW0cKQcZHtRKDlpcaV2atqMAHoD2NZObirBK2xb+Z+rYHWrXvLUGlYruRDuJOQOaySu+UN9GeG+Nv2lofC2tahYW1ik8kGwQvIxIkJ6kgdB+fIr0YUY8t3e6JkpRk19xw93+0P4k1SxfGqy26t8p8iCNMZ9G2lh9QQa1UVD3rIzjGSZiT/EO51O/06PUfEOtzLbbpRp9xqMoSdvTcGzzjq2e3TpXVSm6cud6p/1/SQpK0Wk3Z+bOevPEeqaHfx6xY67PBqbMS2XZlYkehPIz/SueXM5NJF8qdnc9f8AftTfMLPxXafY7lQCL6yjZoXU92TJZD9Mg57dK5JR7KwcrR7vpfjTTvEemw3dncw3dvMuY5oXDKw9jXM4Sbutio+8ihfSLGxORt7YNWry0GZN9qI8naQAPWplHkWjAPhdENc+JUKBd4treSc+mdyoP/QjWqb5bobvys+4dNtgvh+Ff9gUmmc67k1gNsYx2rVeY0WpXwKTKbtqVnfIxTJd3sNJ+Xg0thK/UYXyKaQ0Qu2TT0HbsQSn5aL9C0U5aG+gynOoxxSvZ2DmWxnswyc9qHcZWkYHODxVFLRlGc8E02lY0T6HwtqF/FKhK4P0qY76jcUnd9Tg/E0qOGwMg85zT0ezM9Oh5vrca7jx1HWt6d9zSFrOI/wCFtj9o8bxJtyBFI54+i5/Nqwxb5YJrujSCSTkt0fRenaOF28dKOfSxhzNtn2Z+yj4PS++HXiEumPtN1sBHXAiUcfjmuNSf1m9tkFWN4JX3/wA2ZPxD/Za062uJtZ0rfbXXnF5UJLJIp7bc4Bz6Y612qUqq5Kj+fYyWh+Zv/CwNU0PXb+GS4mmSO7mjMbPkALIy9/pXdiKDhLlXRL8i1NzS8z1Xwb8W5cIy3AdTwQetcUvd0Y3q7o+g/h1+0dqmhhVivZBH/dycUuZxasyJRTPWIf2lJdXjEOpTFrWQYYqBwDXXTrRg7tHLOm2tDlPGuneZbtqmksLqyOXZU5IHcj1+lbVqClH2kCaVS3uT3PPItXEp3ZGO3NeJJ3dmdr90mh1EM3J4rN2WiEXIrwI2UwQaak7K4I04bsbMkjNJR5la5V0yhr/xE0LwhYy3OrXLZRNyW0C75ZTnAAHbJ4ySB19DXRTw85y93YydSK06nzF43/aNvPHDJFZT3OliaTatjbMY1jiyOXlGC5I9OO3A691NQoN8qXqXKEtVJHi17rg1rWHRLhD5SssZbAVlXPQ9PU5oslo0O6SK9v4xktrCS3jVT5jKWZkBbAydqk/dySM49BSm48yuLS9yhq3jC91GaF5JMeQnlxjAO1frjJ6dTRGdm7LcmyRmT+IJ5nG6UkjtnrQ58zbCxG2tTzOztI24981N7Rs9SrW2Oy+HPxX1XwDfRta3s5smm82ezVg0cmRgna3APuMVl7t3poyWtbrc+kvB37Sel+KtTisLuzbTFmwkU8kwYM56BgBhc9BgnmsnDl1iF3FXkd1rF2EhY7ifb0rBVG3saxWtmehfsu6aNT8S6re7QfKt1i3Y/vPnH/jv8q0TTvby/UzqWS5T7Pt4wukouOi1Ur9TGOkSvZthB2qkJaj7hsimxvV2IHcAUWYyMzbfqaTXcVrjd3vVDSsMdgKN0VqQSNnpzSsN6FOd9o6Umuo9ylLL+VU9UJRM+dsHkUJllZyApqtWyn2ZRuX59frSejNItWPz28SfBvx/4HR2tidfsEJCywnMmO2U6j9a39yp5CTi9zze/wDE7eb5F5FJaXBJBSVdpB/GlKjKG2pLs3oYWo3IkOcgjGM1O3kSrvY6X4E2ZvfiDLkf6rT5XBPr5sK/yY1y413pxvvdHZCSSbZ9Q6Xpf7xcDmhXSMJNXZ9u/sw2P2L4bk4wZLuRjx/sqKzWtTm8v1ZE3oj03XLFLzTZ028lTXRHexzz+Bn4D+MIhF4o11e41K7yffz3zX0OYpKqumkf/SUFFN0k32MK21KazuVMMpQjqw71413LpoaHrPgXXL+8IXzeFxwc03KCeiLVrO561Y3V7LCuCAMdzWLeliNVsdv4I8WazoGYjIJLV2y0TE4HuPSqjUjHSxnUXPK9tTc1nQJdYV7/AEsQgtzJCCV59QMcVM5Up6x3IjOW0kcfL/a1oG8yNFIONoJJ/lXG1Hax0G8LDUvLQqEGevU4P5VndWTCN22pHM/FLxle/DXwk2pTvAZ5X8m2jYtmSQj0A6AcnkdMZGa3pxVV2Wi6jtpofI/izx7qer3Uc1zdy3ErEvJJIc7v7ox0wMn869VzcIuKaC1mmcVf6iZ5GYn5T2HauRN6IttXbKX2tEXEYIxxmm207mZAbolz82aW+4DDM4zzTjbqJlZ5+Vxyc0WtqMtNfB41XAyODil10ARJAfYVC3uO1zTtLkrGQHJB4K1S31DqfVHw58d/8LF0XS9Mm1ODS9QtLYJcS3Cn96BhQ+AOfUgdM5rlry9j7y1T/q41rufcv7NHgOHwfo8SQ6lHq4u0kme7gTbG7bk6DJ6DjrSc23ZGE5Ju6dz6MVMWP4VuyehmQN8tU0LrZDmbcDzUagyCRvlwavVMFqQA5ahj2DfgnNMNWMkekNELNxT2NFqU7lu4NLm6ArdClOcdaUSomdcS/OeMiqCxA7EDNVqkUo3epRuPmPPWpWpWy0PMLXUbTUIgYpUkyOgNDv1Ri+5yXjr4Z6B4ytGTUdOhnOOJNuHH0YcilFuLIbtvqfLHxc+BB8I2k+oaNePLaxqXaCc/MgHoe4rqi1U0kbRm46dzN/ZagfUPGuqTMARFp5j/ABaaIg/+OGvMxU+Vxg9bs3TvG7Pr7SdLG9O+etUuZx1Oc+zPgTbC2+Hlmo/ilkP/AI9RH435FTd7WO+uBmCQH+6a2W5z1PgZ+A3ju3VfFfiDZ8y/2nec+v796+lzNqVeK7Rj/wCkoKS5acV5HDzgq7beCDmvDvyysjU67wVqd9HqVtNbMx2nBwMjb3B9sU7xad0OPmfX3h3QGntYmKn5gDiuFT1sJ9jq7TwwwIIUgD2qJJ7sV7I6fSNIktCCu4A9qlatBzG8ng621sh3jUyLz0wa1mrbicn2OZ+KHifSPhDoS32pW890zbtlvahd7BRljliAAOB9WA71koKerdkaRlzaHwH8cvjTdfFvxWbp7drDR7EGKwsS2SuT80jkdXbjpwAAB3J6oRVONkKOmsjya71Ld8m/j1NV1LlZ6ooiXeSARn1quhF29xvmE/Kq5HrS9QH89sUrqwMTBzgml6DW4NbZUEClfozRRbTY6OzJPoaFLUbjZJoka2wQMYI/WlzFKk2rjGd4WyDiri0ZOL2Oo8E+M5vDerRXJR50UglVbafr7/SqcU4+otmfpj+xp8V18SXuk+HrK5SazjS6mCNC0cybiZCG3cH5ieR6iuRQfveS0+9HPWUebmjp5H2y3FkR3xWqFuYMUhxQ2DSHu5z/AIUdBERcZxT30Kst0RFgpNDvYHqBfIp9NA0RA7dqZN03qQtJnIIoaNFcqzHc1RrYa03Kcx96aVkUUJ2HPYVSGrlWSTd04AprUd7blSZ88dzTasi467HmreFrOSVZvJCuOcqcfyqOeUVZHPKyepPLZqEIOdoFTJN7BLQ+b/j5rhh8M6jbz27wSPHtU9RnIP8ASvQw6aamlsRGUuqPPP2OLE3XiTxPJs+VLa3U/VnkI/8AQTXk4tfv4L1/Q9Ocf3EX5v8AJH2Np1mEZduM+1XF32OVn1v8I4vJ8B6ePUyH/wAfNKK99t/1oQ9kdZet5dpMSeAhP6VrH4kZVPgaPwM16Rb3UL245JnuJZf++pGb+tfR5tH/AG2aXSy+5IqkmqcIvsvyOel01HY8de1eGo6+8jW1tz3r9nP4VR6/ZS6nefvLW3ufKiiA+84CsSfYbh+JPpXHXqe/yR0Kk1FJrdn1ho3h5YY1VUAxSVkrWMpStqzprTQcsCVGB2HelzXViE01oi9qvh+a40S9itD5V08DrC/91ypCn88VMVyzWo46O+54r47+I/w+8CLNbW1rqei6taKvmajo1uA9tKRkJMQwMp5G4EMOfWvQpwlZKb+TLnaUbRbXa3+WzX9bnzR8cP2jLn4sWWiwuI47nTBOpu0/dvMJNow0fIH3FOc/gKylCEU4tX7CinGWux8y6pK6SsOSPrQkWzP3B8gg88HFHmFiWC1YsSBgUnK5pGF9GW0s8jnI9qls0UOo42RY/wCFQ5WQeybdizFZBRyM0uYtU0mSPbggHGBUxd0buKjoh8UC5JPHvWcpDcVK1h62qSOATnHpVcz3N1TWxNPpUUlqzBeRxVqWt0YSpbop6FDBHrunx3TJHam6iWZ3XcqxlwGJGRnAJOPat73VjzZaXP16/ZN+F2i+CIvtWnxtLeXDyLNeTNukcLlcZ7DjoO9YRlrd9UclR87TPqGT/j2P0rVl9DnjIvmkDjmp9RCPJ+dWtUBC8nPFUJ6aEZbn3pg5dhMnHTmpTEkyPcckGjRj6kEsmDStpY1SKsklLoN7FWVgT16VSB3KFxnnHNO+hcbIoyPtGKa0B6lZ5Ngzim5Ow1p1OYhZSuA2PY1g7ohq6KuoH90xAwMc1pHYzcW1qfN/7SsyHwdqJTDNhU59C6g/5967qC99RloiafNzJHJ/sR2AkHi+4wMedaoPoFkOP/Hq8zEq1eNux6lXm5VFn17YWo3LxVWtqcV7H1J8Of3HgfTB3KsfzZqiDbu2Emauv3H2bwzqMzHOy2kYk+ymt4fGjOVran4MjLwRsRyVFe/mzTx1aT/mZ1QtFIrSW3zjsSa8iPve8jK7d7n2p+yjo2fhlA5TBlvLhs+uG2/yUV58pKVab9B1I2t6I+grHR1QLlelN3a0Mm7rQ3bPTQCDipRmaqacPLPy5pbsalY/Nj4g+HTN8UdSttYka4udTjF/apO22N7ibcHRiOBtaNwqnqFxz39CtOTfktB0oycXfufPvxC8O3Oga3dQm2kttjco0YQck4IA4wR0IrCMudXNb9DkAyXRMcgw3Y0J3GXLfRNuDjOe9RI6KS5tS01okYAx0qGtLpnXy9CN4VXlSCKhu0dRKyaQzaAfU+lZRfM1c0ei0RKXIQDge1W5RQopsVHXZjIzSckldIpohJPJost2U5aqxNEdmCRzWas3qJzvsaNq/mDY3ftWllFWY22VNb0bNs04z5WNrlf4c966ItHDUjY/Wz9hPxw3xD+Eeh6tPtN+PPt7vaMfvkchjj/ayG/4FVVbc6aVk0eU1Zn09K37hhQ7lHOyDy5WIppBuRs+TjrRclu+xEW5pphaw2RufamOzGeZg0LUd7IjeXaOe9SrLYTT6FeSQGhO+ppdlOST5uOlG49dmQTPwfWmky1oUJJMng4FU+xT7FWUgnikhLUpyE88UzSy6nHJKOKlN2sY9CK/mzA6g4BGKmK10Zg23sfKH7SFgNP0KUw3EiR+YqmMtkHqcevb+VdsKi5mpblU+ljW/Ydhb/hGfE0p6HUkUcdhAh/9mry6i5q11vY9Ou3aN30PrLTwqupFbcrvqcOvU+k/B0vk+DtMHT93n9TUQ1cgktSv8TdTax+GHia6U4aLTLmQfhExrqox5qsY+aOXEtqlJo/DwIYbWBCckRqCfwr1Mxqc+KrOPWT/ADPTUXBCKu9hgZyea8uD5dDD1Pvr9lPTPK+DehSgcTNcy89ebiX/AOtXI0pTk0XWknZeS/I9ytLY8ZFVE5VqrG1ZQYwMcmoa6iepo3U0VhaPNMyxxIpZ3Y4CgDkk+lTGN3Yzad7nwR+0+PD2ozal4+8M6pYa/oS7LPXdKaQCSLLth4dxHO5ycddxyOpx6cXzR9m170fy/rT+teiPNCLdrxfbo/6+fy2+O/iP4+XxVoWg24lllu7ZZYriSbmZ1BUpuPcZZiCD6g1yxVrgk73PPLd9lxk54OabNdzrdPuBJBtJ5Fcz5ua9z0LRS0RBfEpnH6VU2t+haknoZ/mMOM8e9Turi0UrkiNke9ZStsaJO9xGYsfQ09IqyRFpRd2xUbHI60ryTsyn73UVTk0pXsaRimyQSgDBOKztqmkOdorQlt7+KOQbmxituRvVHO5pbs6LS9Rs7lXt5XV45FKlW710JO1+pDkpapn0h+wZ+1L4e+AF/r3hXxpNPZ6Fdz/a7HUYrd50ilIVZFcICwDBEIOMZz+O1uemk9+n6/8AAPMqU3GTP0y8DfEXw/8AE/wvDr3hjUk1TSpmZEuERk+ZThgVYAgg+oqXFwtzdTCMlJXJrhj5h4qVqNsrFsHPaqa10Fa+hGz5NTs7jfYbI3vmq13YNdyu0uD1o0sVdbIzNV8RabpG031/bWeen2iZY8/malXeyHGMuxFBq9rqMKzWlzFcxN0eFw6n8RVfDuO3LuMefnb1NO9y47XZHJJxjNKzQ2yo7cHir8wXkQPnPXiqSvqNalWZtuec1LWpo1dXOIS7UqDtFZ33Rhp1M/Wb1I7Kd1UvIqEqgP3jjgZ96IqTaaMpSjufJn7QviFrzTXgntpIJGOB/skV3RSTbQ6K99I7/wDYihx8PdZlHJfWZBn2Fvb15E7fWXJdv8z08RK6ivL9T6msohmPHWt03ucLZ79odz5PhfTF/wCmK/yrKldqT8xTdmcr8W/E1pqXgPxD4Yt5gdX1DTJ7eNAOEMkbKrMewyRXo4WSpVoVqnwpq/yOatF1acow3PyI8a+E9V8D63Nour2ywXkKK2VcOHQ5CsCOx2nr6V0Yu1SbrQ+GTf5nVGTlurGHayFphwOo49a4lYZ+j/7NtoYPgx4SBXbushLj/eZn/wDZq4qejn6sdX4z122UDrW6VtTB2toatsoVd3pWdtSU9bn59/t4ftZXWoa3qHw08L3clpYWZ8nWb2B9r3EpHNupHIRQfnI5J+XgA57ox9jFN/E/wX/B/ryUf3j8vzPisN9ssFUEmFZA5TPBYAgEj1GT+Zo5nK7bNuVXuYl+S0x2nCj86htNlrzKpcI/Tk1m9B+Zs2F9wM//AK6h2OiLlZJbFmebep9Kxs7nWrWKrDd/Sq23BWew9ZAq4zk1mrN8xpJaaCZ55/Kq1sZ31uIr4yKT1bKdugyS8WJck9KIxuhOpyOxmT6o02RGD7mtlDqYyqJlfzHlYfMfwq0kjnlduxvaNEiuCz89cZpSbRcUnqkdHa6WdRVmjPzjnAoi9Sqmi0P1J/4J5+D9T8Mfs922pajcyMNeuX1GC0YcW8Z+RSDnneqK/wDwL611V3eEYdtfv6f1/wAE8iCd231Poed/nOTXJFNFSXYru/p0q5Au5A0nOKT8h2tqNeTIpjvfU+fv2yvjfqfwW+FS3WhwltY1a5/s+3uO1uSjOz47napx789sHGalOSgnv+X9f5nRThaLqLp/Vz8t9a+JWv6ukp1a4a4dzkySEl29iTnj6Yruk7NRjoHKpfEdN8Cfj54q+DWuTX+hSo1hOAl3p1zk284HQ4B+Vx2YfjkVqpRkv3j3CMIczkla5+g/wL/aa0741aPc3AtH0jUbOZYbm1kkDrkjKsjDGQeeoBGKylCKSlF6A1Z2se2w3ayoGBzx1rG7WhL1WgMwI75p7ajTsyvJIVyM5FJtgtdipcSbEzU6vY0glLc84hkbZ0JrO76mEo3ZQ1Wfy4zuGKtO+jMeVqLPlb9pW+jFhGnBLycjHT3/ADxXXCDlFvoaUEuax6v+xTCYvhI0hAXzdUuHHqcBF/8AZa8pJ+3dtrI769rqx9L2EhWVfTNdVklY4rX0Z7da3Jj8PWOO0Ck4/wB0Vz0lZP1Jm9bniut69aP8W9Us2uUE4tYtsJYbiNqkkD6mqrJxpwfdsqjPmUl2Z8Q/tWPEfjHqCREuiWduOTkgku5H5ufzr0k5fV4t93+hpzuSueQWKr9pBJXjnmubd2Q1sfpt8Ebb7L8K/CMW3bjSrUkH3iU/1rlhHlT9WPEKKqSR6Pb8kVovI5XorF2SXy7dj1wM4FSr3sQ9Foz8GfFutXWt+JdW1S6L/a769nuZvM+9veRmbPvkmvZxsbVpRve2nyWhtDYr6fclIWDMVzzXnt9i7DA5nYkkGoK6FGUkSsDTew0S2twwcc1m9jppJXubCSeYuM8VktdzdrWwjMsPV6SVwS5XYrvKJMleme1UoNEzqpbCJJMc7UJ+tbxoylsjF1epo6R4d1TWzK1rFGI4QDJNNKsaLn3P9KHSktyHXtoY8kAe7mjlkSQRsy5ifKMQcZBHUVCSi7DalLVmXKCjEAcCtUk2RbTctae8Zc784HYUOKJTeyNi0VRjB5NZM2jc7DwpMYLnk5BFZuTWw3Gzu0fqF+wl8Q18RfA+y0aQ7bjQ5pLHb/0zDbo8f8AdK6aj54xq+Vvu0OGUeVtHv08g3nNZa2J3TuV5XwPele5JA8vNWl1ZN9LFe7u0toXlkYLGilmbsAOSab0TZpCPNJJH5F/tNfH7Vvjf8R7i78/yfD9hI8OlWe7KrHnBlIHVnxnPoQKdFRS55bv8F/W/3dDqqSV+SD91bf5/M8mtEW9uHjuiJY1GSRWrSa5kZ+hSvrxFu/ItxshXoBUxTbubR2Oy+FXxM1X4d+MLSXT7ox2t1cwR3Vu4BSRN23J9CAx5FbQlzSSeiOardx5n0P1W8Fa4up6XDIH3ZGDwRzU1IuDJXvI6lpAwznFY3NEV2bLdapy0HbsVLuTt2pbbGkIpuzPKIdSeMAB+COlYva7MmZ/iK+N3YywliqsMZBwfzoV0+Yyb5onyB+0BEbOSJTKzqSdqk5HX0/r7V3wqOMGjSh7z23PpP9juL7P8EtHcj5pri7lJP/Xw6/8AsteLTjL2830/4B6GKS50kui/I+hrKVX2HGOa63vY85p3sj0Lxb4rHhfw7prrH5hk8uEJn+8VX+tYU1zKTT7jjHnlynzb+278P9M03wpcePLRpYtWg8q3bD8NvdUUg9RjPrXqZfN4hezl2uRKChLXqfCM2pT3c0txczS3E0h5kmkZ3IHAGST0FZtWdka97DrKcOxBB3bT0+lKKbehSUraH6n/AAzi+z+AvDcWMbNMtVx9IlrhpO8LmVRXm2zsYHOetap9EQ9NLF4ASREHrio23JTs9T8ZP2o/BEfgr9obx1pEJBiGpNeRgDAC3CrcbRx280j8K9XFVOaFOq/tL8tP0NaUb+6eXXlusYA3YJ9K8+MubU6KiUfdRLpVtDLIqsT9BSm3FNl0lFuzINetVt7gMmdrUqb5ojqxakVLVkVCSQTntzVNDimkWvtLQoW+7UWN4yfzKE1680nU4zWiRyuT1Zft5RjPBI9KtbnOTrMycitlVa0QNFS5v5Wha2EjiF3DvHn5WI4yRU1JuSsbQXXqTmA+RvUV5iqWlY66keaOhnmJpWJI+auu5xtW0H28PzZYUmbxjy9NTSgm8vgjIqHLsjolFJJnQaZf4ZQhxnvWSstWWoymvI+xf2EviL/YPxGl8MyShLfVbdp41ZuDMgAJx6ldo/4DW1JKSasefiUozVnufoLJNu5JpLc4rrcrSThTVcyTC10effEP47+BvhhGX8R+IrWwYEAwrumlGfVIwzfpRzLm5Fq/6+4v2bS97Q4b9qfxwJf2WfFWv6BdC4t7zTYpILmFiu+CZ4xuU9fuOSKjEKUWoNatpM2wyU2/R/kfkgsV2JzPFHtiB4yMCutpr4hyVtCx9veGKRmPzt+FLZais1qZiXOboOTyaum7PXY0aXQlu2DtjAAYYzVLlGrONmfp5+y941fxT8MdCv5m3XEkAWbJyd6koxJ9yua2qz5tepxwg46M94iuAVH865DQVpMnI5FFkwS6FG5kxkk/hT6HRFWV0fD9n+11pDr/AKRpF5E2OCjo6n8cg/pXO4T5rNqxm0vslq4/ad8OXyMgjvIWI48yHP8AImqamtjNwS9TxD4s+NrTxZPEbRnZQc5cYwOeP1rqUkou61Y6EWnds+rv2bPEFtofwM8M+dPFG6xTkpK4XP8ApEp/wrz6etSUbdTqxLbkmvI9Auvi/aWyW1xbOksAl2ytEQ+MH5lwO9dXIrabnJaSl753XjD4iWviLwtp2pxTLPY2ksNxJ5IyQgZTuK9cDHP41hCPPF046NmsEoz52ebftMePG+I/7N+v3z6bcaXbQ6haR20lxx9qT7TFiRRgYBB/Q16OXwWGxCpp3fLK/k7Ml3lapJW8j4VMgQjpj0NY2XvMErq5NbqZI7hlPIjY/oaItwXMa0pPmSj1P1j8Ihbbw9pkQ4VLaJQPQBAK87D6UkjjqX5jfikzXRZ3M27F+CUKpzSeotz8rv254orr9pjxBNbsrf6JZrIV5w4iAIPvjbXXiJL6pTj1V/u0t+p2YSMnNu3U+ZtZhlScnJK+1cdK3KrGlVOM2UrCZ450wWG01pPYUHZnQ3Xk3tm6sN0nVTmsIPlfkepVjzRUorUj8Q+IYNag0OOLTIdPn0/T0sJWt+FuCjMRIRjhiG56810LZnlxvTbuY0+XQE9O9ToaNvoU9p3cDihkpdwCyI/BOK0UkkSoalrzJJMDdxUyfU1hT6jVyZOeTUN6WNIbaHS6ZGJoCOvGOlefV92SOynDn1RUu7DyJDgcdc1pCrzCqUupUAYH/ZrZy7GUV3JViDMMnGaL3L5X0Niwwp44x0rjbdzWMuVaHpXwj8bW/gr4seDdau5FjtbW9CTSMQoVHVkLEngY3Zz7V6WEqKDk5dTy8ZO606NH6sT/ABH8O6dYLc32u6fZxhNxM9yiceuCaq6V7nK6EtLI+UP2p/jdr954wsNA8K675OgXWkRagLmxkwJ/MeVQd64JGEB645rKMVzy9otraeuv9fkdsYJQT/L/ADPkP4iWdy+kPLPO0pLqrMxJ59fc8e9da5Y2UdFuZez0beh7H8Rf2mIrT9m/wl8MoLInVX0i2tdUe5Uj7PHEqqqheu4lAcnoMcHPE4qSxGJdSO36r/gjopUYXe709D5ludYj1BwsgEeOBSu27mcvIxNeaNQiod3HOKbk5atFK9jEjJWRc1rFGqsiy7kj/Go80EVdH3N+wbr5ufAuoae0mWsdQdQpPRHVXH/jxeumetKLX9f1c4dqkkfYlndboQCea5GmtjZK5Y83jmm4pq41eOqK07gg85NQ11GmfjTHeA4G7AzQ3fUOWRaS53Lu3FQO+aaXMx8t2kjpk8EazMiNHZyHcMjOB/PFXBRkuZvRGjhNStKLPpD4ZXun6f8ACi6h1G2lN9oemyXMsD7hlFVnJU/XOfqOtRThP2tl9p6f8Ezre77x89eF/iLqvh+WS6huDdQOB9otmbAkYD74/ut79+h7YmrpUs9GdE4RmrxPbPg38ZNV8ceMdL8M6dZpNZSh5LgyuwYRqMvjDYP0wevYc1Vb2dOl7Rv3m7I56cU229kej/tD/HbRPFfgdPA2nEPNFcQtdPD/AKuPYQ6qp78gZ9Ola4aE8LzTlvb8yXOM0nDU+S/E9teWQUxKzRscZHrWHtIttN6myoT5VI5+y8R3Nm7K0hHUEEZrSHvNLciMpQkprdH7DfDbxCPFHgTw7q5QQm/0+3uvLH8G+NWx+GcVwUlyx5e2hlXhyVJep1sMwU810WOd2a1OS+LvxGPw6+Huva3BF9qurO1eSGIDIL9FJA/hBIJ9gamFSm5qMmcFfEUopwUrSei/z+R+d3js2Pxi0ybxdpS/8VHCgGq2OdxnwP8AWKe5I5B7gbTyK8mpOeHq8lR3i9mXleKeXzWFxDuujPn3XCjysOcflXfTV3c+ixKu00YUUgifn9a6ZLmVjjV4svQ3oQBuD7Vny9EelGd43ZFc7ftihTgNVxfunLKMXO46WHysgjKnvS3KaaZC0CDBDCquG+5LHawsAWbH0qW32JtytkXklWOOV7GndWB3lotiNU+f+dI2Wxv6TMIkIzwfSuStHnsjqoJRldsuSvHMpDHB9alL2ehu2t7mXdQqhGxgfbNawbauznvd2GJ8zDtRZ9Bt8po2rbeKFFLVmd2irqd6JCIyAQDyDW9NHPWSS1OwnnEHhyV8Bm8kjJ5xkY4z9a2epaqWhc39H8Q319e6PBdXDTG00S2tIi5+5GjSbUHsNxx35rOjLn9pOeupPslSslqip8T7gt4XmAOMyIM56fNn+ldEUpNBV0V0eOzefvEkhbfIN+5ySWz3z3pO97I5Lt6E8DPKrI/3sZBo1iD90z5rhmyp5I707jnJkUJ3Siq2uNPS5aahW3Q4ySPqf9hHWGt/FHiLTt37ua1huME9CjlSfycflXQrulK3kcs3FVEz7106fcvTp0rn+FFq5dabGD1NRfoarlS1K9xIWU4wD7Vm20wik1c/GBZQSDnpWluhcveWpY+0ZicZ+YqcZpO8dSaSTqJeZ9i6WlsNPtWAGTBGf/HRWGGhJw949+UW3dsksbu1gl1+KeMSw3Wi3Ns0ZO0NvKLjPb616lCm5VqaX8yPIxlpRsjxTVPh3pOi65LDpmpteWO1TtbnaxzwGwMjGDjGQSRzivsI5FTxM1Wnon0Pn5Y7lTjT1R2/wg1bQPgx42tPEzSKW2NDJHLliUfhimBwfz7j3F5hkuEeHcdmtn5mWFxdWcnGUbrY5O48TaHd+KtX1K9neSG6vp541SPB2NIzLkfQivhsbOXMlS6JL7ke5Rsmuhi3PiiPULmVY1ZLdmO1XOTtzxmvnsS3ZOW59rgcLUxkbU1ocxrOkRSXDTwORk8rWmHxiuoz37k5hkFejT9smrdT7S8D/tZ6ppOk+GvCvh/waNbntrS2sI2F6VM7JGqsVUIcAYJyT05OK9CMVGm6k5pb9PP1PgsTiIUVKc0fWNl4luJ9KgluYorO8aMGWFJfMWNscqGwM49cV4dTG392J8TjM3lUbhS0R5X8TvEN3cW8ogudroCQu0FW9jn1/rXlTqybuz5znlKV2z4W8XQX3wn8cR6lp0Xk6de5ZbccRkdZID6YOWX0yPQ179KpTx1HlfxI+4w7hmOH5X8SOW+Kmk2tzcQa/peDYajH5rheivnDHH8JyRkeuT3p4VyjenPdHrYCvJx9jW+KJ5zDp013MVXhR/Eegr1I6npSdjVsPA2r6gpMRijtunnSuFx77fvEe4GK29mt2L2vLp3L3xDh05Nb83TLOOxsxDDEsUXQsiBSx92xk+5P1qVC0bdTenJNWsZKOJoVYHn0rma5TojZq0iJwo6im2+hEbJu+4Bc9OBUOVjaMOaNhxAx70k3fUpwSWhWlGwg9a06mLfKiNtUaFgqg4zRy3KdRWSJJNQaSFgHK5HUGp5dbsqdRONluQW96Iu5Y+pqpRuYwk47l4X8RxnANZuDN3UiaFrMJEBBrKd0im7vQsxaNFdS75JffFSq/L0KVFVLXZ1NzpLX2i/ZraVSx28E44BBx+lbQqx5veIqUJcuhFoMN5a69L9oDgLGEUnpjPauqlFNPl6i15l2L/jmVbnQmhkcKGdSPfBzit2lCz6jmrwbW5xN7aHU7RGiQExjBIpK7baPLi7Mw42dNxYYAGMkVMk1qypWb0M9ohJnmkmPyCCLYxY9BWnI0Nx1sxZHxipcbNpDtoj3z9jfUPsPxXjUNg3Wnzw59w0cn8kP512U0pQkl0OOsruMkfotpNwrqpHHFc7vG6ZqtNzSd8rWb5U0auKaKszEpiok9RRunc/GLzAD60NWdhu2xPAguJNvTPWjZXNItQkpdj3LQfi4L+3htVtds8MKqzFsA4AHFVRjOEeWT0PQjiHJXiiDxD4xmvlQAmPcvzAH3zg/lX2GV4eMH7V9D5vH1XOaRylzrrwZlaYZHXmvpamM5Vds440lJ7HLarr9xf3Bfc2P4QTXxOY46depZPRHqUqUaZSS8l80MxJrwHGW7Ru3zSsjtbnTLe08P212lwy3TRK8iORgkjJA+hr5qbnVrOMlp0P0XB4+GDpKmuxJ4B8K658Sdfi0fRog0zL5ks8pxHbxg4LufT2HJPStZRpYdc9Q8XPOI/q1Dlvqz7X+G/gjw58FNIVxObnVrgCJ72fHnTHqUjX+Bc84HtknArya2IqYq7ekT8GxmPq4md2zurvx1thURLgEZO49K5U20eQ7t2OE8ReOI79nspd1tO6ko2eJB32n1HpVySfS6LhDlWup4v4yiXx3p+q+Hbp0TU4Ns1pcjpIM5jcjpnqjfUmuyhP6tNVVs9z3sHVeGnGrbR7ngGmeJJdNsLvTtRtmkty7FoT1hlHDY+uMEewNfQ1KbmlOmfY1aPtJRqU3qY2l3LwTCSMBo2b7rcjHpmuuKsrHob7k9/rF1O7CWQgdAqn+ddMZ6WZFig2oM4eJiXDjB3etRZp3NI7lBJHtXwTisnrqbvR7ltZwwzWNnccXF7iJNkkY4qZK7udK93YeJVPBouV6jJXG1u/1pozk7q5lzSAtgCtUrnO5ajlj3rycCq0Tua8ugw7VPBzTtzbEtcuiDgjHelYXLG9jqtD06TygD1PrXBVmm7HoQjyx0N6Kx8r5eM1zSnFo3irxvYv6dbXcUgaPd16Vm3FGq1+JHZ6fO7Rqt1bbv9rGDW3vQs4Mlwi9jG8WeDn14xtZ3IVV6xuMEfQ110sXGWtVbHHVou10c5f+Hrrw5bbo4ZJFX7yjnPvXdzxlrB3R5Ki72aOG1PUJbgvvUR852AdKJR13NkomQZN2FFFyJPUmztUL+dXsrplRv1GEZ+tK7fvM030sex/sv3H2T4teHuP9ZLNF1/vQSCt6bXwnLUVtep+kukP5cajOeO1Y2bd2Q1dGuXOOePaokuVXL6FSSfaCCe9QWlzLVn42CJCA2TimnZledtCWNo4WV1Y5HXNNq+xKi5anWeF3tkh8wZeSQ4J/u1yVZ1E7I9ahSpOKvuXvEWo28UHGQ+OMGu3BY/EU9E7o48VQpbtamJofh6/8SzIturMJH2A+pr2Z4v2kbt6nAqeuiPcvBfwP8OaTGlx4gU6o6uPM3uyQp6rgEFvqT+FeQ5znrEGuZ6l/xHqPwstJWh07wFYXSocGZnaHd9AvP45rZSrKN5Nfchcqg9DnL2/+HmsiOO78J3mmp0/4l2ruxH0WRcfrisNeZyVm/Sy/A19tU6yZ6n8GD4I+HvhvXNY0abUjDIyrOmptG0w2AlUTYACD5n596+dzWftJwgopPyv+p8XnMqlasoTdy94OuJ/FOq3HiXWRm5dilrCTlYE9APof5nrXi1rwfsofM+bnGMdFudhfX+2Et+maw5XfcxULannXxF1J/wCymljJjuISJYnXqrDp/hXbTi+fyOzC01KfKcLpPiD7d440W7kVcy+bDJt4XBjcge3zAY98V0zpfupQvsenKjy0ZRfQyPi14RivJ7u/hjSIXXzFgOVkwBk+ucfzrswdSV1T7HfluIlJqPY4vw94chuNNnjkvIEuI0+S3YHdIe+G6Cvc5He59K4Sck7lKy8NPqWpGysrSa+vP+eMCF2H1x0Hua2lFx1lobI0rv4e6npiB73QmsFP/LW68uM/X5jmiEoyulJEOVttzj9Y01I7QTC7tnfzGXyI3ZpAAepwuMHtzWP2nGxcaj57NGGs7KcelS0dN29mSicE0mki7yuP3YO7NSbabla4uSx2g8VpFJamblzKzIM4Oe9Ve70M9FrccoZ+AKPU0i7olSAL98/N6Uua70GlY2tN0xBiaQZJ+6p/nWE5LY2hTs7nR237vaANpNcTW92dkPd0NWCNCwG7B9axbTS0NotN8tze020kJDJMOOxNY80b2luaO9joYXuYwoYBhiok0y0o203ZZSUyLgptNTzculzJxs7DWG+NkcqykYIbmq9pbVIcqKla6OF8Q/DGx1Vme1lNpOecD5kJr0KePkviV0clXBppuDPPdX8BarorMzw+dCP+WkXIruhWp1HZM850JwfvbGC4YMQQc102sF77DSee4ppGbdmeofAS5+y/Efw5PnCjUIFJ9NzhM/8Aj1bUlLYzr1FGDdj9MNEkJt0ycnHSseZpkb2NsyFkqnZ7lcqT3KN2+FweM1g3bVBGJ+NhkYDAPFW9dUCfcdFDLICVRnHfAoiruyG2k0i7a3c1icrlfah0uZG9OvyMkku3v5QZGzz0NOnFU9baBUnzO7PS/Curf2fDD5PyhAAMcVaSaZmnzv3tDb8TePLuMQ2Ek58tx53B7Hj+hq+aMY80ER70XdPQ4271EmRthzWLlzPUh66sz2vmeYLvO4mlKS1aRPS56T4V0HUNRtdNtoo2kW7/AHgKcgKD94/l3rwsTOLvLqj5XHVo87klqj3jQrYaZp6WuADEoUfh3rwZ3lLmXU+WnyuV0SatKy2xHPI4NaQSe+5OiPN/FGpyz6dcRsfmUYx6itqUPfutj0cMlGSaPK9O1NreUyq5RITu8zOMele8qDqrbc+jdB1NOhd8RXeq660M+p3K6TpqgCE3KkEg9XEf3mz64xXoUsNTw0PM9bDYWFCPuIyhqXg/RYzIJdU128UEhmAtbfPb5QS5+hI+taQlO7aVjqafcl8afFdPE1sP7LsbXwza+UsMtnpxKCYLn75GN3U9u+DnFRGPJ/F95/10K5VF6KxwL6owtwVjCx5wuO3+Faat3K1kx+nywTQXdxcuVWKMmONRzI54A9gOpqJczfKNRtd7mA7bnJPfmpFoxVbjrSZSuSCY7SDSZpFaasi65PQVb7FWeyHbQBSE4qKFWUoKkE7K6Rq6VpxlUXEykBuUBPUetY1JuOi3OiEW9TetYy773wqDoBXPNe75nVCPUsozMxZf1qOVKKUioNJ3IXu5EJ+aklZWDms9Cxaa9JbkHeePes5U+bVI1jXaNy18bTIo+bketZypvZGiqq+xq2vjQzAKw61j7Jx1LUlIvJrqSDhhkim+iKV9gXVFZuvPrUtdxu6dyYagCCGUMtaqVrW3E0mY2r+ENK1xGZoRBOeksfB/GuiniKkLvp2OaWHjPVHB6x8Nr+y3SW7rdRZ6LwwH0713U8VGbu9Dz5YaSdzX+ESS6f410Z3RkMN9byEEcnZKrkfjtxXrUbyfkcVaF1ys/SnQLgm1Q7vmxXO+W7tsRy9Do4JgyZJ6VF29gSsQXfzj5eKdmio2ufjafU1KYW7GxpOqvYIVQ8N1rSmk3sKVr6ojupPOkZ24zzXTyqOz0Jt2KynEgYdjVWjUWg4t31NRNS2x7A7L34PeuJWV0CTZFNqk0zqzyFmXABY5IFGqVi5NtWsSC7dyWMnXsTUdTN2StYfb3BN1Hu7mjdEn0b8OJZYp7C0jnWMGFQF3e2Tj36183imuVya6nwuMW7e56ncW5gkGGyCO/evNU3ujx07mDq2qmF/KzuXPI9K1UG9WJw11OOvNIvNc1hrW0jaRJV3OyoW8pehZsdBXfhYc1onuYKg68o04bnA+L/FeieCblrDRbddQ1S2JVLiYrJBbPxmTA4klJz1+VcDAOK+os4rlTsvx9D7OnSVFNR1ff+upz+q+Ho9T+Hc/i671Ca51X7TtmSWTJcGRUz0z/ED1qPatT9nY2d931OAgvUDkGMMp9apyb2EP1G5t5BGIYFjwOSO596iLd3zO49HuSrqwOkLZmFAFYtuA5Oe5p213Bu2w7VIjpml2UWMS3KfaD/uHhf5E03vcq9zDIOzdjis73EkRq/WjRlEofIwamyT0KvdDgMjrTatqapaC4J6jikws+pNDArOmeRmk20UoptJnQxSm7lSFBhRyxHYVytqKuzt8kXPMV32j5VWs1sbOyjYbc3whjIBqbSlK5ho0ZDX+89TnNdKhyohybdiz5qHbyKhR0BSs2izEyYLK2c9qlxHz9yRLjaeDg1m4O9kWpOOqLEeqsjYB57VHsraGvNK2rNK31lCRvOT7VjKm4tG0Z3N2y1qBiuWH0qJwlFmsZRktTTk1q1WHK4BrK93oa2MibX8kgdK3jF1EjFyXNYk03V4NP1S3vHjDNFIsi8c5ByK9GhVlSle+hxVKUKifc+yPhN8U9J8a6ckNtKI76NB5ls/B47j1Fdqkp6nlVKM4PXY9Xs33R5yDWqXUzg9yd8Ffl6989qJOKWopXep+NhG4dKz8gLEULogfqOwqb9jSK2uSG4M8gU49KetiW7aDpNisAAV9a1ptoN3dEIfa5A6VD11DccWLKfQVK7Ey3HxyAgUuoWVi7pISfU7dJB8rSKD75NRK/K2jCrdQdj1y08S3On3Nvd2wBeFgQGHB9q8GdHmVmz5uVOM04vqe9+GfF1j430YTRhrW9iAEtu55U+o9Qa8upTdFrmPmatCdCb7GZr9vHLb/AGkEAg7WA7ntW1K85cq6lYeEqlXkitWePfFX4jS6faTeG9OvWSOQBdRe3fHmkciHI7D+LnknHY5+owtCnBKcl/Xc+9w2GjQi499/keOS3Ku+a7ZS5pXPQ3NldTupPB15ZiVhZ+aJHTtn5f6qD+FK6513K6JHJB8DFS7CV76D/LP3j0p8vK7lS1Y62ha6uYYY/vOwUZ9zS7sSdtWWvEV2bm/Pzl0iVYUJ7KowAKPslLQyiTj2qUJasZtOabVhq9xTxmsxMcrYIqt0Wmtx4mwcZotcfNd3Zd05TNNnoo71L0jdmyV1c1LOXyPMK8s3Ga5pRUtzdaW1LLTCKHbuw2MmhxutDVyXUxLy8J71sonNKbWhR85s5zWr0VkYNtscty2/qaXTUE2mXba8KfeP4VEo9jXmWly0l8W71HLZG3MpO6HfaCT97PrS21aG22rALoqe9CV9QU9bEsWpPCxwxxUuEWrsfNctLrTErlvrWfsFbY0jU5U3c1bPW4cgOOKy9lJLQ3jUSWpqRXNveDA4NZax0ZVk9izpOu6h4T1aDUNPuWhubdxJE4PGfQjuD0NdNGpzWRjOkpn3n8IPiRYfEjwtBqVqwjnA2XVqT80EmOVI9O4PcV60rqKPFs4v3ludrNOQOOKi2nvG2nKfjv0BqFqzntrYkjvnVAh5UUSSTsjXoM8ws2V4PtSsXE0LW4DyKroAP4mNLVIT02RLrFusLRSRjEcgOD2OOv8AMVrGziZrR2M/ccGpsDi7DA3PH5UIm2hf0pnjv4JYztkicSKTyMg5H8qzm/ddzOp70HqelXesHUbnz7S1hgWTDPHEDgN34NePGCjG0meBToqOkmd7Z61b+CdKh1AsZL+4jASBTjA6kt7Dp9a5be3fs0tEea4PEScOiOO8RfFa+lSaeOcRSMcJHEPlU/3j6kV6+HwsaK11PfwmBhhkm1qeRXt69xOzlmYk5JY5J967meoJAQzdzVJvZCNeC8e30a+gBwswAOe/WrlDVSsUlzGACRUDVkS/aSVKmqb6FOyasTW00kLGWIZZOenSptfQV+jKDysxPcnuaVr7DcbsU/dpLcSTETg+9KRolqLIvoKUfMT1Ybc/hVA1oMKYOR3pp9BPyN6CD7Cu0kFtuTWE3c6o6xSI4p8Me/OaLaGl+iJLmUlM55qF2CT6syJnLPg8VulY5ZNt3ZHjjOM02Sl1QqH5qRTXUlyGql5lJt3uSRzbD60nDsZxk43RYSUHA9ajlubRbZKWJPHNRdbM1Se4xjjrQlceuzGh+aepLaJVlIHBqbMpSTLdrqUkHIbp0rOUDVT0sjVh1bzwFZuvXNZxi0bObtZnovwd+LN18LPFMd5uabSrgCK9gAzlM8Oo9V6+4yK76Mk5cs9jjnT51zLc+9tK16017S7a+s5UmgnjV0dDwykZBrVw8zgheW5+Rj8CpurD0RGuSaSXUI6uxIoIYcUr3HezLMLM7FW6GlpdXEmzTv5vM0iGM43QsdvuD1/pVpq7saTMkE1N1cy5mlYjJKsMdPWhCV7XNPQl36jEu4KD61jVfuMxrO1NyR2tlB9nl+W4RQDyCa4JWau0eY3zL3luT+Ltds4rWJY7lrm6K4Py4VRW+Eoy1lbceFoS5uaS0MnwparrclzaXBADQOyuR0PAGfzz+Feh1uerJaNo4mSNhKysuxgcFfQ+lXKNnpsxp9UX41is1XDiSXqfSs1uD1NiLXZrrSbmzZI/I25xjn8KcW+a5SjHXuc/GkMr4digptvqJb6ETxRq3ytkUkm3qU090dFpWm2c2iX0r3pjmRcrGEzuOOKblaaTVxpcxzLbUcjrRJWZUbJiORjI6VCeuocyvoEa7zkDpRLTc2pxvdliNFIIIyazb7AkuhG6GNsdjTTuiLOL5WRqMHJ/CnfsXvoiwL15HGT2wankRXO9kiSFismTzRuhpq5Ylk3AYAxU2sW7X1KUsYLfWrTsZtK9hrJtXNJtXHonYq7sOcGtE00YSWrJFBfG3k+lNNkap2LmnWqS3SxXDGMNnBHrVNK1+o22mTQadLKJAh/eJzt9fXFZ8t9TZN82mxF57I2Dz61MoWNFO+wx7nPbNNISnq30F8ze3WnZpjTW6HoxzntU6kxXLqiVWDUmmtzSMtbEoJQ5HSs4rc0vfVmhbXeYtpPPrSehsmer/Cj9o3VPhhpc+mtbDV9NB320Mk3ltAxPIDYPyHrjsenU1o3NwtD8TKFCMpcz0R4C6F1GK01Z51rq5JFaORnafrTvbQlLdo1LfS96krjOOpqXa2pq43Tmhv8AYsvmYyMn05qtDDmNSfwbcJpzTLMGkUbimOPpUQmpSaSsiubo0cuAQxBrWSXQ05UkNcBaeyIexa0xibuP1ziueWqZjJ2TudJJd+QjfaFLAdCODXPGDbTgc6hzNOLMy3239wZZMiNf4c8n2r0lGyVup3wUUtWdVa6vbeENatXMavIigyIe24dD+dZzTcbIhaPXY4vxHNJJrN3K6qplkL4XpzzxVX5kiNtjPEhpO7NN9C3Y3WwuMfeGOKnXQfwq5Sc/ORWktGTcejDHI5FRtqO+lza06dY9GvBkBnwAO9FnJpD0ujBf71Uk1uSt9R8WGyKgaSe46OZUDLj5jxmpnBysddOqoQlFbsfGRG3JzQ9royhpuye4QMmQO3WpjoaSi9WikFOPpVX1MorqLEAsq8d+9NalrV6lycBHz+VZ+hppHYhM/btVJPoRzXY9Wy2aTXccr7ojuX9KEiHfmTGyQJGwdhlWGRinCTd0dmKoOlLmWz1IhOUf5OK32Z5duor3rmVWJ5HepXKauV+hpWt0WkEisVbrkVcbRRmpanRyadZeLLPfAVstdQ4aID93dgD7w/ut/wDXqEnF67F6o5W70y4sT++jK4JU85wfwppLoTrY3PCegTeIku7eG1eeRU3BgOF98/lTcG48y2Raelu5jXNu1nMyFlYqcHac1nKyWhqm4qz3FRuOMVi9TZNR1LEUoZdppWa2K5b6jZZkiHBoScgb5bFU3JkbjgetbxTvqZSqatI//9k=', '727377097', 'barcode', 2, NULL, 1, 0, '2018-08-18 11:14:15', '2018-08-18 18:54:45');

-- --------------------------------------------------------

--
-- Table structure for table `vs_votes`
--

CREATE TABLE `vs_votes` (
  `id` int(10) NOT NULL,
  `voter_unique_id` varchar(25) NOT NULL,
  `valid_votes` int(50) NOT NULL,
  `invalid_votes` int(50) NOT NULL,
  `allowed_votes` int(50) NOT NULL,
  `roc_form` varchar(255) NOT NULL,
  `pow_form` varchar(255) NOT NULL,
  `pojip_form` varchar(255) NOT NULL
) ENGINE=InnoDB DEFAULT CHARSET=latin1;

--
-- Indexes for dumped tables
--

--
-- Indexes for table `vs_candidates`
--
ALTER TABLE `vs_candidates`
  ADD PRIMARY KEY (`id`);

--
-- Indexes for table `vs_county`
--
ALTER TABLE `vs_county`
  ADD PRIMARY KEY (`id`);

--
-- Indexes for table `vs_district`
--
ALTER TABLE `vs_district`
  ADD PRIMARY KEY (`id`);

--
-- Indexes for table `vs_fingerprints`
--
ALTER TABLE `vs_fingerprints`
  ADD PRIMARY KEY (`id`);

--
-- Indexes for table `vs_polling`
--
ALTER TABLE `vs_polling`
  ADD PRIMARY KEY (`id`);

--
-- Indexes for table `vs_precincts`
--
ALTER TABLE `vs_precincts`
  ADD PRIMARY KEY (`id`);

--
-- Indexes for table `vs_users`
--
ALTER TABLE `vs_users`
  ADD PRIMARY KEY (`id`);

--
-- Indexes for table `vs_voters`
--
ALTER TABLE `vs_voters`
  ADD PRIMARY KEY (`id`),
  ADD UNIQUE KEY `voter_uniqueID` (`voter_uniqueID`),
  ADD UNIQUE KEY `voter_email` (`voter_email`);

--
-- Indexes for table `vs_votes`
--
ALTER TABLE `vs_votes`
  ADD PRIMARY KEY (`id`);

--
-- AUTO_INCREMENT for dumped tables
--

--
-- AUTO_INCREMENT for table `vs_candidates`
--
ALTER TABLE `vs_candidates`
  MODIFY `id` int(10) NOT NULL AUTO_INCREMENT, AUTO_INCREMENT=7;

--
-- AUTO_INCREMENT for table `vs_county`
--
ALTER TABLE `vs_county`
  MODIFY `id` int(10) NOT NULL AUTO_INCREMENT, AUTO_INCREMENT=17;

--
-- AUTO_INCREMENT for table `vs_district`
--
ALTER TABLE `vs_district`
  MODIFY `id` int(10) NOT NULL AUTO_INCREMENT, AUTO_INCREMENT=6;

--
-- AUTO_INCREMENT for table `vs_fingerprints`
--
ALTER TABLE `vs_fingerprints`
  MODIFY `id` int(10) NOT NULL AUTO_INCREMENT;

--
-- AUTO_INCREMENT for table `vs_polling`
--
ALTER TABLE `vs_polling`
  MODIFY `id` int(10) NOT NULL AUTO_INCREMENT, AUTO_INCREMENT=5;

--
-- AUTO_INCREMENT for table `vs_precincts`
--
ALTER TABLE `vs_precincts`
  MODIFY `id` int(11) NOT NULL AUTO_INCREMENT, AUTO_INCREMENT=17;

--
-- AUTO_INCREMENT for table `vs_users`
--
ALTER TABLE `vs_users`
  MODIFY `id` int(10) NOT NULL AUTO_INCREMENT, AUTO_INCREMENT=3;

--
-- AUTO_INCREMENT for table `vs_voters`
--
ALTER TABLE `vs_voters`
  MODIFY `id` int(10) NOT NULL AUTO_INCREMENT, AUTO_INCREMENT=12;

--
-- AUTO_INCREMENT for table `vs_votes`
--
ALTER TABLE `vs_votes`
  MODIFY `id` int(10) NOT NULL AUTO_INCREMENT;
COMMIT;

/*!40101 SET CHARACTER_SET_CLIENT=@OLD_CHARACTER_SET_CLIENT */;
/*!40101 SET CHARACTER_SET_RESULTS=@OLD_CHARACTER_SET_RESULTS */;
/*!40101 SET COLLATION_CONNECTION=@OLD_COLLATION_CONNECTION */;
